City_ID,City,Country,Date,Lat,Lng,Max Temp,Humidity,Cloudiness,Wind Speed
0,Jamestown,US,2022-07-05 18:40:46,42.097,-79.2353,77.02,79,100,12.66
1,Jacksonville,US,2022-07-05 18:39:03,30.3322,-81.6556,92.1,68,75,16.11
2,Ilebo,CD,2022-07-05 18:42:39,-4.3167,20.5833,82.49,30,100,1.32
3,Makat,KZ,2022-07-05 18:42:40,47.6469,53.3463,67.46,62,35,18.86
4,Caravelas,BR,2022-07-05 18:42:40,-17.7125,-39.2481,76.64,67,0,6.89
5,Vila Franca Do Campo,PT,2022-07-05 18:42:40,37.7167,-25.4333,73.2,76,96,6.89
6,Beisfjord,NO,2022-07-05 18:42:40,68.3751,17.5988,58.05,97,100,1.48
7,Bani Walid,LY,2022-07-05 18:42:41,31.7566,13.9942,84.96,31,0,11.03
8,Matara,LK,2022-07-05 18:41:34,5.9485,80.5353,77.85,87,100,8.46
9,Punta Arenas,CL,2022-07-05 18:40:47,-53.15,-70.9167,30.31,100,20,4.61
10,East London,ZA,2022-07-05 18:40:07,-33.0153,27.9116,61.74,82,20,11.5
11,Visby,SE,2022-07-05 18:40:23,57.6409,18.296,65.05,63,0,11.5
12,Oxford,GB,2022-07-05 18:38:30,51.7522,-1.256,70.05,59,20,9.22
13,Yalta,UA,2022-07-05 18:42:41,44.5,34.1667,74.25,66,0,7.72
14,Ushuaia,AR,2022-07-05 18:38:51,-54.8,-68.3,35.26,69,20,1.14
15,Saldanha,ZA,2022-07-05 18:42:37,-33.0117,17.9442,53.65,79,0,0.74
16,Cape Town,ZA,2022-07-05 18:42:42,-33.9258,18.4232,61.38,85,0,3.44
17,Andenes,NO,2022-07-05 18:42:42,69.3143,16.1194,55.92,87,100,25.32
18,Coruripe,BR,2022-07-05 18:42:42,-10.1256,-36.1756,75.79,81,18,14.05
19,Alexandria,EG,2022-07-05 18:42:43,31.2156,29.9553,80.56,65,0,9.22
20,San Carlos De Bariloche,AR,2022-07-05 18:37:48,-41.1456,-71.3082,41.45,61,100,17.27
21,Port Elizabeth,ZA,2022-07-05 18:42:43,-33.918,25.5701,61.11,97,75,8.05
22,Santa Isabel Do Rio Negro,BR,2022-07-05 18:42:44,-0.4139,-65.0192,85.26,59,97,2.28
23,Dikson,RU,2022-07-05 18:42:44,73.5069,80.5464,36.01,95,100,10.87
24,Luderitz,NA,2022-07-05 18:42:44,-26.6481,15.1594,56.84,63,0,13.15
25,Sioni,GE,2022-07-05 18:42:44,41.9895,45.0239,66.56,54,89,0.63
26,Carnarvon,AU,2022-07-05 18:42:45,-24.8667,113.6333,64.02,48,0,9.69
27,Klaksvik,FO,2022-07-05 18:42:45,62.2266,-6.589,50.92,90,100,6.98
28,Inhambane,MZ,2022-07-05 18:42:45,-23.865,35.3833,65.84,77,0,4.79
29,Birao,CF,2022-07-05 18:42:46,10.2849,22.7882,76.41,72,87,2.68
30,Mustvee,EE,2022-07-05 18:42:46,58.8486,26.9397,61.54,64,0,10.47
31,Strezhevoy,RU,2022-07-05 18:42:46,60.7333,77.5889,53.65,69,100,8.32
32,Ponta Do Sol,PT,2022-07-05 18:42:28,32.6667,-17.1,71.71,71,17,2.71
33,Vardo,NO,2022-07-05 18:42:47,70.3705,31.1107,51.78,93,75,12.66
34,Hermanus,ZA,2022-07-05 18:42:47,-34.4187,19.2345,48.79,74,0,1.79
35,Port Alfred,ZA,2022-07-05 18:42:47,-33.5906,26.891,57.18,92,100,3.0
36,Vila Velha,BR,2022-07-05 18:42:47,-20.3297,-40.2925,80.55,75,20,12.66
37,Chimbote,PE,2022-07-05 18:42:48,-9.0853,-78.5783,67.77,70,1,12.59
38,Saint-Philippe,RE,2022-07-05 18:41:21,-21.3585,55.7679,67.59,80,65,11.45
39,Mouila,GA,2022-07-05 18:42:48,-1.8685,11.0559,78.24,60,88,0.43
40,Tucuman,AR,2022-07-05 18:40:14,-26.8241,-65.2226,62.6,59,100,5.75
41,Manavalakurichi,IN,2022-07-05 18:42:48,8.1333,77.3,78.21,82,100,15.68
42,Busselton,AU,2022-07-05 18:42:49,-33.65,115.3333,53.55,62,100,10.49
43,Upernavik,GL,2022-07-05 18:42:41,72.7868,-56.1549,39.9,86,40,8.79
44,Grootfontein,NA,2022-07-05 18:42:49,-19.5667,18.1167,51.37,58,0,1.14
45,Talara,PE,2022-07-05 18:42:49,-4.5772,-81.2719,77.76,57,0,9.22
46,Usinsk,RU,2022-07-05 18:43:50,65.9939,57.5281,58.15,71,100,8.9
47,Westport,US,2022-07-05 18:38:50,41.1415,-73.3579,82.42,59,0,14.97
48,Maniitsoq,GL,2022-07-05 18:43:50,65.4167,-52.9,44.2,92,56,5.77
49,Bako,ET,2022-07-05 18:43:50,5.7833,36.5667,68.36,57,58,2.59
50,Balkhash,KZ,2022-07-05 18:43:51,46.844,74.9804,67.86,52,5,10.67
51,Gaurnadi,BD,2022-07-05 18:43:51,22.9667,90.2333,81.48,85,100,12.57
52,Nanortalik,GL,2022-07-05 18:43:51,60.1432,-45.2371,44.83,96,100,5.06
53,Havre-Saint-Pierre,CA,2022-07-05 18:43:51,50.2334,-63.5986,64.76,55,0,20.71
54,Namibe,AO,2022-07-05 18:43:52,-15.1961,12.1522,63.59,85,0,6.15
55,Arraial Do Cabo,BR,2022-07-05 18:43:52,-22.9661,-42.0278,84.16,54,0,13.8
56,Georgetown,MY,2022-07-05 18:39:16,5.4112,100.3354,82.33,86,20,1.14
57,Faya,SA,2022-07-05 18:43:52,18.3851,42.4509,73.51,43,86,4.76
58,Chuy,UY,2022-07-05 18:43:53,-33.6971,-53.4616,57.52,84,64,10.65
59,Oranjemund,NA,2022-07-05 18:43:53,-28.55,16.4333,54.45,71,0,9.62
60,Jumla,NP,2022-07-05 18:43:53,29.2747,82.1838,66.2,94,97,2.06
61,Itarema,BR,2022-07-05 18:43:54,-2.9248,-39.9167,79.83,66,100,12.86
62,Gasa,PS,2022-07-05 18:43:54,31.5,34.4667,77.88,69,0,4.79
63,Ilulissat,GL,2022-07-05 18:43:54,69.2167,-51.1,40.37,90,99,3.71
64,Bonfim,BR,2022-07-05 18:43:54,3.0833,-59.95,78.75,61,96,4.81
65,Izhma,RU,2022-07-05 18:43:55,65.0083,53.9113,62.78,92,29,1.77
66,Clyde River,CA,2022-07-05 18:43:55,70.4692,-68.5914,44.83,76,0,4.61
67,Coihaique,CL,2022-07-05 18:42:37,-45.5752,-72.0662,37.35,87,100,6.91
68,Hofn,IS,2022-07-05 18:43:55,64.2539,-15.2082,47.01,83,100,5.23
69,Raudeberg,NO,2022-07-05 18:43:56,61.9875,5.1352,50.67,74,100,14.14
70,Mar Del Plata,AR,2022-07-05 18:43:50,-38.0023,-57.5575,57.22,30,0,9.22
71,Ambanja,MG,2022-07-05 18:43:56,-13.6833,48.45,68.74,82,6,3.44
72,Kruisfontein,ZA,2022-07-05 18:43:56,-34.0033,24.7314,58.89,93,100,3.83
73,Iqaluit,CA,2022-07-05 18:43:57,63.7506,-68.5145,46.13,75,100,4.61
74,Mwinilunga,ZM,2022-07-05 18:43:57,-11.7358,24.4293,58.14,50,4,5.28
75,Kjollefjord,NO,2022-07-05 18:41:39,70.9457,27.3465,59.05,88,100,4.61
76,Gornyak,RU,2022-07-05 18:43:57,50.9942,81.4661,59.9,70,90,12.53
77,Laguna,US,2022-07-05 18:43:57,38.421,-121.4238,85.33,55,0,8.05
78,Tahta,EG,2022-07-05 18:43:58,26.7693,31.5021,93.83,19,6,8.41
79,Mimongo,GA,2022-07-05 18:43:58,-1.6195,11.6068,72.73,71,67,1.12
80,Castro,BR,2022-07-05 18:41:08,-24.7911,-50.0119,69.55,55,32,5.46
81,Soledar,UA,2022-07-05 18:43:58,48.6794,38.089,75.72,47,51,7.05
82,Marsh Harbour,BS,2022-07-05 18:41:21,26.5412,-77.0636,83.68,71,63,12.44
83,Trinidad,BO,2022-07-05 18:43:59,-14.8333,-64.9,93.18,46,75,10.36
84,Takoradi,GH,2022-07-05 18:43:59,4.8845,-1.7554,76.35,89,69,6.85
85,Richards Bay,ZA,2022-07-05 18:43:55,-28.783,32.0377,67.53,77,0,9.82
86,Bubaque,GW,2022-07-05 18:43:59,11.2833,-15.8333,79.61,80,100,11.7
87,Puerto Maldonado,PE,2022-07-05 18:44:00,-12.6,-69.1833,91.8,49,40,4.61
88,Kalmunai,LK,2022-07-05 18:44:00,7.4167,81.8167,82.74,60,100,8.79
89,Longyearbyen,SJ,2022-07-05 18:44:00,78.2186,15.6401,44.44,76,75,12.66
90,Lebu,CL,2022-07-05 18:44:01,-37.6167,-73.65,51.93,85,100,10.6
91,Grindavik,IS,2022-07-05 18:44:01,63.8424,-22.4338,57.15,100,100,9.22
92,Hithadhoo,MV,2022-07-05 18:45:01,-0.6,73.0833,82.74,71,19,6.31
93,Vuktyl,RU,2022-07-05 18:45:02,63.8567,57.3094,61.41,88,100,3.78
94,Bredasdorp,ZA,2022-07-05 18:45:02,-34.5322,20.0403,54.66,71,95,1.21
95,Asosa,ET,2022-07-05 18:45:03,10.0667,34.5333,60.69,91,65,4.12
96,Ribeira Grande,PT,2022-07-05 18:45:03,38.5167,-28.7,70.2,68,75,6.91
97,Tabou,CI,2022-07-05 18:45:04,4.423,-7.3528,77.52,79,59,10.36
98,Tasiilaq,GL,2022-07-05 18:45:04,65.6145,-37.6368,46.56,81,94,3.65
99,Huarmey,PE,2022-07-05 18:45:05,-10.0681,-78.1522,68.61,69,2,14.05
100,Maldonado,UY,2022-07-05 18:45:05,-34.6667,-54.9167,54.79,73,74,6.49
101,Souillac,MU,2022-07-05 18:45:06,-20.5167,57.5167,68.38,77,20,5.75
102,Bambous Virieux,MU,2022-07-05 18:45:06,-20.3428,57.7575,68.25,77,20,5.75
103,Skibbereen,IE,2022-07-05 18:45:06,51.55,-9.2667,65.1,79,100,6.38
104,Reconquista,AR,2022-07-05 18:45:08,-29.15,-59.65,60.4,77,100,6.6
105,Pangnirtung,CA,2022-07-05 18:45:08,66.1451,-65.7125,44.6,81,75,17.27
106,Kampene,CD,2022-07-05 18:45:09,-3.6,26.6667,72.32,44,0,1.41
107,Thiruvananthapuram,IN,2022-07-05 18:44:44,8.4833,76.9167,76.98,88,75,4.61
108,Lastoursville,GA,2022-07-05 18:45:09,-0.8143,12.7287,76.5,74,100,2.82
109,Karlstad,SE,2022-07-05 18:45:10,59.3793,13.5036,64.96,45,20,9.22
110,Kishapu,TZ,2022-07-05 18:45:10,-3.6167,33.8667,72.0,33,12,5.48
111,Altay,CN,2022-07-05 18:45:10,47.8667,88.1167,56.88,82,99,4.5
112,Taoudenni,ML,2022-07-05 18:45:11,22.6783,-3.9836,109.87,5,12,10.65
113,Lagoa,PT,2022-07-05 18:45:11,39.05,-27.9833,65.34,83,100,13.0
114,Korla,CN,2022-07-05 18:45:12,41.7597,86.1469,85.98,25,0,18.7
115,Barra Dos Coqueiros,BR,2022-07-05 18:45:12,-10.9089,-37.0386,80.62,65,20,11.5
116,Parkersburg,US,2022-07-05 18:43:54,39.2667,-81.5615,72.21,83,100,5.75
117,Qaanaaq,GL,2022-07-05 18:45:13,77.484,-69.3632,46.58,50,88,2.24
118,Marawi,PH,2022-07-05 18:45:13,7.9986,124.2928,68.94,95,100,2.89
119,Fomboni,KM,2022-07-05 18:45:14,-12.28,43.7425,76.82,73,71,10.54
120,Sudak,UA,2022-07-05 18:42:33,44.85,34.9667,75.11,55,0,3.85
121,Bengkulu,ID,2022-07-05 18:45:14,-3.8004,102.2655,76.03,88,98,4.36
122,Muli,MV,2022-07-05 18:45:15,2.9167,73.5667,81.05,81,100,15.39
123,Bandundu,CD,2022-07-05 18:45:15,-3.3167,17.3667,82.0,29,18,1.52
124,Praia,CV,2022-07-05 18:45:15,14.9215,-23.5087,81.14,61,20,14.97
125,Abalak,RU,2022-07-05 18:45:16,58.1286,68.5944,54.01,70,100,7.38
126,Matiri,TZ,2022-07-05 18:45:16,-10.75,34.9,52.12,78,10,3.02
127,Raduzhnyy,RU,2022-07-05 18:45:17,62.0961,77.475,53.78,62,66,7.92
128,Torbay,CA,2022-07-05 18:43:18,47.6666,-52.7314,70.88,44,20,21.85
129,Adrar,MR,2022-07-05 18:45:17,20.5022,-10.0711,107.22,7,60,10.78
130,Yar-Sale,RU,2022-07-05 18:45:18,66.8333,70.8333,53.65,96,99,5.39
131,Paamiut,GL,2022-07-05 18:45:18,61.994,-49.6678,41.52,98,100,5.35
132,Tiznit,MA,2022-07-05 18:45:19,29.5833,-9.5,75.38,50,7,5.06
133,Mayor Pablo Lagerenza,PY,2022-07-05 18:45:19,-19.9309,-60.7718,95.94,24,56,13.6
134,Ouadda,CF,2022-07-05 18:45:20,8.0777,22.4007,69.01,91,100,1.59
135,Victoria,HK,2022-07-05 18:44:02,22.2855,114.1577,84.38,88,100,8.99
136,Old Saybrook,US,2022-07-05 18:45:18,41.2918,-72.3762,83.14,62,20,8.05
137,Cabedelo,BR,2022-07-05 18:46:21,-6.9811,-34.8339,83.07,75,11,14.05
138,Touros,BR,2022-07-05 18:46:21,-5.1989,-35.4608,79.7,72,0,15.1
139,Saint George,US,2022-07-05 18:43:38,37.1041,-113.5841,99.63,18,0,6.91
140,Koster,ZA,2022-07-05 18:46:21,-25.863,26.8976,53.31,48,0,3.96
141,Los Llanos De Aridane,ES,2022-07-05 18:46:22,28.6585,-17.9182,69.55,79,75,16.11
142,Saint-Francois,FR,2022-07-05 18:46:22,46.4154,3.9054,76.44,44,0,10.36
143,Natal,BR,2022-07-05 18:43:47,-5.795,-35.2094,84.42,65,20,13.8
144,Carutapera,BR,2022-07-05 18:46:23,-1.195,-46.02,79.99,85,51,7.9
145,Foumbot,CM,2022-07-05 18:46:23,5.5079,10.6356,64.92,95,71,0.69
146,Sao Filipe,CV,2022-07-05 18:46:23,14.8961,-24.4956,75.11,84,45,6.55
147,Salalah,OM,2022-07-05 18:46:24,17.0151,54.0924,80.69,89,100,5.75
148,Mahibadhoo,MV,2022-07-05 18:46:24,3.7833,72.9667,81.46,79,100,15.68
149,Berlevag,NO,2022-07-05 18:46:25,70.8578,29.0864,60.6,93,100,13.8
150,Sao Felix Do Xingu,BR,2022-07-05 18:42:10,-6.6447,-51.995,92.98,30,44,4.83
151,Luau,AO,2022-07-05 18:46:25,-10.7073,22.2247,66.06,35,8,1.97
152,Mahebourg,MU,2022-07-05 18:46:25,-20.4081,57.7,68.29,77,20,5.75
153,Bolobo,CD,2022-07-05 18:46:26,-2.1667,16.2333,79.14,43,8,3.04
154,Ribeira Brava,PT,2022-07-05 18:46:27,32.65,-17.0667,71.71,74,13,2.37
155,Horni Plana,CZ,2022-07-05 18:46:27,48.7674,14.0326,66.04,89,15,1.14
156,Chepareria,KE,2022-07-05 18:46:27,1.3077,35.2039,63.0,75,100,4.68
157,Ilo,PE,2022-07-05 18:46:27,-17.6394,-71.3375,63.46,72,100,9.22
158,Olafsvik,IS,2022-07-05 18:46:28,64.8945,-23.7142,53.06,76,100,6.87
159,Iraquara,BR,2022-07-05 18:46:28,-12.2486,-41.6194,81.75,26,0,12.21
160,Arvika,SE,2022-07-05 18:46:28,59.6553,12.5852,65.01,59,100,7.54
161,Marsa Matruh,EG,2022-07-05 18:46:29,31.3525,27.2453,79.0,73,0,8.05
162,Atar,MR,2022-07-05 18:46:29,20.5169,-13.0499,100.96,16,96,7.43
163,Koltubanovskiy,RU,2022-07-05 18:46:29,52.9407,52.0269,52.74,88,13,5.26
164,Ust-Tsilma,RU,2022-07-05 18:46:29,65.441,52.1498,64.11,89,25,1.97
165,Lahij,YE,2022-07-05 18:46:30,13.1667,44.5833,93.09,34,84,8.81
166,Alta Floresta,BR,2022-07-05 18:46:30,-9.8756,-56.0861,93.02,31,0,3.44
167,Normal,US,2022-07-05 18:42:35,40.5142,-88.9906,97.18,54,0,16.11
168,Codrington,AU,2022-07-05 18:46:31,-38.2667,141.9667,40.55,95,17,6.91
169,Iskateley,RU,2022-07-05 18:46:31,67.6803,53.1512,51.64,82,0,6.62
170,Moroni,KM,2022-07-05 18:46:31,-11.7022,43.2551,77.0,69,20,4.61
171,Codajas,BR,2022-07-05 18:46:31,-3.8367,-62.0569,88.77,52,21,4.45
172,Beloha,MG,2022-07-05 18:46:32,-25.1667,45.05,64.83,90,0,7.58
173,Chapais,CA,2022-07-05 18:46:32,49.7834,-74.8492,65.98,36,100,7.05
174,Alcudia,ES,2022-07-05 18:46:32,39.8532,3.1214,85.37,75,100,6.26
175,Taltal,CL,2022-07-05 18:46:33,-25.4,-70.4833,63.3,64,100,5.37
176,Rudnya,RU,2022-07-05 18:46:33,54.947,31.0934,65.25,79,100,7.05
177,Port Washington,US,2022-07-05 18:46:33,40.8257,-73.6982,86.29,58,75,17.27
178,Hammerfest,NO,2022-07-05 18:46:33,70.6634,23.6821,63.05,72,40,12.66
179,Kaduqli,SD,2022-07-05 18:46:34,11.0167,29.7167,80.74,61,79,3.31
180,Pakhtakoron,TJ,2022-07-05 18:46:34,40.1571,68.7466,71.64,36,0,2.86
181,Sebaco,NI,2022-07-05 18:46:34,12.8532,-86.0963,80.91,74,99,7.49
182,Candido De Abreu,BR,2022-07-05 18:46:35,-24.5669,-51.3333,74.34,53,79,3.02
183,Biltine,TD,2022-07-05 18:46:35,14.5333,20.9167,84.0,48,82,20.92
184,Nouadhibou,MR,2022-07-05 18:47:35,20.931,-17.0347,73.38,73,6,19.57
185,Haradok,BY,2022-07-05 18:47:36,55.4624,29.9816,71.71,70,100,5.95
186,Idanre,NG,2022-07-05 18:47:36,7.1127,5.1159,70.83,98,62,2.39
187,Zhob,PK,2022-07-05 18:44:30,31.3411,69.4481,85.06,51,90,4.52
188,Marzuq,YE,2022-07-05 18:47:36,14.4,46.4667,83.62,17,32,4.81
189,Acarau,BR,2022-07-05 18:47:36,-2.8856,-40.12,80.47,68,100,13.0
190,Yenagoa,NG,2022-07-05 18:47:37,4.9247,6.2642,74.59,96,99,2.95
191,Pisco,PE,2022-07-05 18:47:37,-13.7,-76.2167,66.02,77,20,10.36
192,Sur,OM,2022-07-05 18:47:37,22.5667,59.5289,86.04,78,100,4.05
193,Mehamn,NO,2022-07-05 18:47:38,71.0357,27.8492,58.95,88,100,4.61
194,Murgab,TM,2022-07-05 18:47:38,37.4966,61.9714,80.47,32,0,6.91
195,Nanuque,BR,2022-07-05 18:47:38,-17.8392,-40.3539,76.91,62,87,8.9
196,Eirunepe,BR,2022-07-05 18:47:38,-6.6603,-69.8736,90.37,48,56,2.68
197,Saint-Pierre,RE,2022-07-05 18:47:39,-21.3393,55.4781,67.68,73,0,8.05
198,Itaituba,BR,2022-07-05 18:47:39,-4.2761,-55.9836,93.36,52,20,5.75
199,Bolshoye Selo,RU,2022-07-05 18:47:39,57.7177,38.9334,61.75,96,100,6.42
200,Gambo,CF,2022-07-05 18:47:40,4.6482,22.2633,70.66,92,6,2.35
201,Garowe,SO,2022-07-05 18:47:40,8.4054,48.4845,84.74,38,54,24.52
202,Gat,IL,2022-07-05 18:47:40,31.61,34.7642,80.82,100,0,3.62
203,Ballina,AU,2022-07-05 18:47:40,-28.8667,153.5667,57.02,99,100,7.72
204,Sorland,NO,2022-07-05 18:47:41,67.667,12.6934,53.46,82,100,18.92
205,San-Pedro,CI,2022-07-05 18:47:41,4.7485,-6.6363,77.09,81,64,8.37
206,Hobyo,SO,2022-07-05 18:47:41,5.3505,48.5268,76.35,83,31,29.77
207,Kokstad,ZA,2022-07-05 18:47:41,-30.5472,29.4241,50.83,50,3,4.14
208,Sao Joao Da Barra,BR,2022-07-05 18:47:42,-21.6403,-41.0511,80.69,69,0,16.78
209,Najran,SA,2022-07-05 18:44:55,17.4924,44.1277,92.05,38,90,9.4
210,Togur,RU,2022-07-05 18:47:42,58.3631,82.8265,61.57,76,79,9.86
211,Juiz De Fora,BR,2022-07-05 18:46:27,-21.7642,-43.3503,79.02,41,0,3.0
212,Ratnagiri,IN,2022-07-05 18:46:02,16.9833,73.3,80.69,86,100,18.25
213,Bequimao,BR,2022-07-05 18:47:42,-2.4489,-44.7825,82.49,72,65,3.6
214,Makushino,RU,2022-07-05 18:47:43,55.2103,67.2442,52.97,88,100,12.01
215,Sabha,LY,2022-07-05 18:47:43,27.0377,14.4283,88.79,22,0,13.35
216,Chitral,PK,2022-07-05 18:44:21,35.8462,71.7858,79.02,76,100,5.7
217,Clonakilty,IE,2022-07-05 18:47:43,51.6231,-8.8706,66.09,80,100,10.65
218,Plettenberg Bay,ZA,2022-07-05 18:47:44,-34.0527,23.3716,57.42,85,100,5.21
219,Buraydah,SA,2022-07-05 18:47:44,26.326,43.975,95.45,15,0,10.6
220,Varhaug,NO,2022-07-05 18:47:44,58.6147,5.6457,56.79,73,33,24.16
221,Nantucket,US,2022-07-05 18:47:45,41.2835,-70.0995,75.34,80,40,14.97
222,Karasburg,NA,2022-07-05 18:47:45,-28.0167,18.75,48.18,56,0,7.92
223,Mitsamiouli,KM,2022-07-05 18:47:45,-11.3847,43.2844,77.29,69,20,4.61
224,Salinopolis,BR,2022-07-05 18:47:45,-0.6136,-47.3561,80.64,81,21,11.7
225,Strangnas,SE,2022-07-05 18:47:46,59.3774,17.0312,65.07,63,70,11.59
226,Boden,SE,2022-07-05 18:47:46,65.8252,21.6886,62.6,89,78,6.76
227,Gazanjyk,TM,2022-07-05 18:47:46,39.2446,55.5154,77.25,33,0,7.27
228,Kilinochchi,LK,2022-07-05 18:47:46,9.3961,80.3982,81.12,76,100,10.0
229,Saint-Augustin,CA,2022-07-05 18:47:47,51.226,-58.6502,65.46,37,100,17.07
230,Geraldton,AU,2022-07-05 18:47:47,-28.7667,114.6,55.81,94,75,9.22
231,Pleshanovo,RU,2022-07-05 18:47:47,52.8333,53.4833,52.16,88,100,7.14
232,Goderich,CA,2022-07-05 18:43:36,43.7501,-81.7165,71.91,88,77,9.22
233,Tselinnoye,RU,2022-07-05 18:48:48,53.0833,85.6667,56.73,94,100,6.71
234,Shelburne,CA,2022-07-05 18:48:48,44.0787,-80.2041,70.75,98,100,10.96
235,Ponta Delgada,PT,2022-07-05 18:46:43,37.7333,-25.6667,73.51,77,40,11.5
236,Arys,KZ,2022-07-05 18:48:48,42.4252,68.795,74.48,28,0,7.72
237,Puerto Madryn,AR,2022-07-05 18:48:15,-42.7692,-65.0385,56.28,32,0,27.45
238,Madimba,TZ,2022-07-05 18:48:49,-10.4,40.3333,72.72,78,20,11.5
239,Nokha,IN,2022-07-05 18:48:49,27.6,73.4167,93.04,56,64,5.57
240,Makhachkala,RU,2022-07-05 18:46:05,42.9764,47.5024,71.58,58,100,6.22
241,Puerto Colombia,CO,2022-07-05 18:48:49,10.9878,-74.9547,86.09,81,100,12.01
242,Bay Roberts,CA,2022-07-05 18:48:50,47.5999,-53.2648,71.65,53,3,4.0
243,Ostrovnoy,RU,2022-07-05 18:48:50,68.0531,39.5131,62.6,82,86,14.38
244,Bernal,PE,2022-07-05 18:48:50,-5.45,-80.75,80.4,44,5,14.09
245,Rodos,GR,2022-07-05 18:48:50,36.4408,28.2225,79.79,53,0,14.97
246,Teutonia,BR,2022-07-05 18:48:51,-29.4481,-51.8064,80.31,76,100,0.89
247,Iracoubo,GF,2022-07-05 18:48:51,5.4802,-53.2011,81.23,81,17,4.94
248,Garautha,IN,2022-07-05 18:48:51,25.5667,79.3,93.11,48,11,5.68
249,Cidreira,BR,2022-07-05 18:48:52,-30.1811,-50.2056,64.98,90,100,11.01
250,Cacule,BR,2022-07-05 18:48:52,-14.5033,-42.2222,82.85,29,0,9.93
251,Dir,PK,2022-07-05 18:44:22,35.2058,71.8756,75.25,87,100,2.42
252,Tarko-Sale,RU,2022-07-05 18:44:49,64.9225,77.785,54.86,54,1,3.91
253,Bandarbeyla,SO,2022-07-05 18:48:52,9.4942,50.8122,75.79,83,35,36.51
254,Saint-Joseph,RE,2022-07-05 18:48:53,-21.3667,55.6167,66.58,78,52,11.63
255,Novobirilyussy,RU,2022-07-05 18:48:53,56.9514,90.6661,57.72,81,100,5.73
256,Iquitos,PE,2022-07-05 18:48:53,-3.7481,-73.2472,84.24,74,75,2.3
257,Jalu,LY,2022-07-05 18:48:53,29.0331,21.5482,85.77,28,0,18.5
258,Bhainsa,IN,2022-07-05 18:48:54,26.9548,76.9012,93.81,48,9,7.54
259,Port-Cartier,CA,2022-07-05 18:48:54,50.0334,-66.8654,71.82,32,6,9.01
260,Talnakh,RU,2022-07-05 18:48:54,69.4865,88.3972,56.21,55,100,4.34
261,Kautokeino,NO,2022-07-05 18:48:55,69.0125,23.0412,58.48,82,100,11.21
262,Naryan-Mar,RU,2022-07-05 18:48:55,67.6713,53.087,51.76,82,0,6.62
263,Lima,PE,2022-07-05 18:46:23,-12.0432,-77.0282,59.25,82,100,6.91
264,Honningsvag,NO,2022-07-05 18:48:55,70.9821,25.9704,58.75,88,75,8.05
265,Oyonnax,FR,2022-07-05 18:48:56,46.2592,5.6573,77.13,69,0,4.79
266,Kalinin,RU,2022-07-05 18:48:56,47.2468,39.5109,75.74,35,96,6.78
267,Finspang,SE,2022-07-05 18:48:56,58.7058,15.7674,63.12,64,47,8.72
268,Aasiaat,GL,2022-07-05 18:48:56,68.7098,-52.8699,39.96,93,100,6.29
269,Clarksville,US,2022-07-05 18:44:58,36.5298,-87.3595,97.09,52,0,8.05
270,Le Pradet,FR,2022-07-05 18:48:57,43.1066,6.0172,93.79,39,0,9.22
271,Ambilobe,MG,2022-07-05 18:48:57,-13.2,49.05,64.99,73,34,4.79
272,Lakota,CI,2022-07-05 18:48:57,5.8528,-5.6883,71.94,98,76,3.56
273,Humaita,BR,2022-07-05 18:48:58,-7.5061,-63.0208,85.82,58,100,0.89
274,Ostrov,RU,2022-07-05 18:48:58,57.3439,28.3537,69.53,72,69,3.27
275,Pemba,MZ,2022-07-05 18:48:58,-12.974,40.5178,75.74,70,98,15.03
276,Simoes,BR,2022-07-05 18:48:59,-7.5989,-40.8178,82.54,41,0,11.14
277,Orbetello,IT,2022-07-05 18:48:59,42.4408,11.2196,87.82,47,0,4.61
278,Lock Haven,US,2022-07-05 18:48:59,41.137,-77.4469,78.98,73,100,9.13
279,Elizabeth City,US,2022-07-05 18:44:10,36.2946,-76.2511,91.42,59,20,11.5
280,Eyl,SO,2022-07-05 18:48:59,7.9803,49.8164,77.14,77,93,31.45
281,Bitlis,TR,2022-07-05 18:50:00,38.5,42.25,58.64,50,0,5.23
282,Esil,KZ,2022-07-05 18:50:00,51.9556,66.4042,52.3,90,26,7.85
283,West Bay,KY,2022-07-05 18:50:00,19.3667,-81.4167,88.07,73,20,8.05
284,Santiago Del Estero,AR,2022-07-05 18:49:10,-27.7951,-64.2615,66.54,48,100,1.77
285,Igunga,TZ,2022-07-05 18:50:01,-4.2833,33.8833,69.96,33,1,2.8
286,Bathsheba,BB,2022-07-05 18:50:01,13.2167,-59.5167,84.81,83,20,18.41
287,Riyadh,SA,2022-07-05 18:50:01,24.6877,46.7219,96.94,10,11,10.65
288,Trairi,BR,2022-07-05 18:49:13,-3.2778,-39.2689,78.31,68,91,11.05
289,Angoche,MZ,2022-07-05 18:50:02,-16.2325,39.9086,71.83,73,0,7.85
290,Puri,IN,2022-07-05 18:50:03,19.8,85.85,79.32,83,100,11.03
291,Araure,VE,2022-07-05 18:50:03,9.5601,-69.2148,83.07,72,83,3.94
292,Veraval,IN,2022-07-05 18:50:04,20.9,70.3667,82.29,85,100,14.12
293,Bosaso,SO,2022-07-05 18:50:04,11.2842,49.1816,93.18,39,8,12.84
294,Harper,LR,2022-07-05 18:50:05,4.375,-7.7169,77.34,80,56,11.16
295,San Cristobal,VE,2022-07-05 18:48:45,7.7669,-72.225,86.18,44,15,6.78
296,Bud,US,2022-07-05 18:50:05,39.447,-86.1758,97.2,57,17,10.63
297,Guantanamo,CU,2022-07-05 18:50:06,20.1444,-75.2092,89.17,48,37,10.27
298,Seminole,US,2022-07-05 18:45:54,28.7086,-81.2081,98.38,60,20,0.0
299,Dina,CA,2022-07-05 18:50:07,52.9335,-110.0849,57.61,94,100,14.94
300,Pascagoula,US,2022-07-05 18:49:14,30.3658,-88.5561,80.65,94,100,0.0
301,Andros,GR,2022-07-05 18:50:07,37.8333,24.9333,81.16,43,0,15.99
302,Constantine,DZ,2022-07-05 18:48:42,36.365,6.6147,94.41,29,75,4.61
303,Wladyslawowo,PL,2022-07-05 18:47:53,54.7909,18.4009,65.75,73,46,8.52
304,Porto Belo,BR,2022-07-05 18:50:08,-27.1578,-48.5531,81.25,64,100,6.71
305,Sazonovo,RU,2022-07-05 18:50:08,59.0919,35.2268,63.21,92,0,4.83
306,Bonthe,SL,2022-07-05 18:50:09,7.5264,-12.505,78.46,77,15,7.99
307,Mezen,RU,2022-07-05 18:50:09,65.8522,44.24,62.83,94,100,2.57
308,Ous,RU,2022-07-05 18:50:10,60.9058,61.5186,53.13,95,95,4.16
309,Grand Gaube,MU,2022-07-05 18:50:10,-20.0064,57.6608,68.4,76,74,3.0
310,Araouane,ML,2022-07-05 18:50:11,18.9048,-3.5265,106.05,8,100,7.34
311,Miquelon,PM,2022-07-05 18:50:11,47.0975,-56.3814,64.4,83,3,15.79
312,Lujan,AR,2022-07-05 18:46:19,-34.5703,-59.105,62.02,56,0,5.26
313,Shache,CN,2022-07-05 18:50:12,38.4167,77.2406,89.56,15,55,8.66
314,North Myrtle Beach,US,2022-07-05 18:45:20,33.816,-78.68,93.34,77,0,11.5
315,Carauari,BR,2022-07-05 18:50:12,-4.8828,-66.8958,86.92,59,68,1.81
316,San Julian,MX,2022-07-05 18:46:14,21.0167,-102.1667,73.96,48,100,5.19
317,Morrope,PE,2022-07-05 18:50:13,-6.5417,-80.0111,73.51,60,0,16.75
318,San Andres,CO,2022-07-05 18:50:13,12.5847,-81.7006,86.02,84,75,13.8
319,Narsaq,GL,2022-07-05 18:50:13,60.9167,-46.05,47.55,98,100,2.3
320,Nguruka,TZ,2022-07-05 18:50:14,-5.1092,31.0419,67.24,40,0,4.79
321,Aseri,EE,2022-07-05 18:50:14,59.4506,26.8675,59.27,79,3,10.71
322,Muzhi,RU,2022-07-05 18:50:15,65.3667,64.6667,57.78,91,25,2.91
323,Sechura,PE,2022-07-05 18:50:15,-5.5569,-80.8222,74.93,58,10,13.89
324,Durban,ZA,2022-07-05 18:50:15,-29.8579,31.0292,66.02,94,6,1.01
325,Pontes E Lacerda,BR,2022-07-05 18:50:16,-15.2261,-59.3353,95.09,20,2,4.52
326,Ancud,CL,2022-07-05 18:48:39,-41.8697,-73.8203,43.23,79,100,18.41
327,Stokmarknes,NO,2022-07-05 18:50:17,68.5646,14.9108,55.38,82,75,17.27
328,Kodar,IN,2022-07-05 18:51:17,16.9833,79.9667,76.17,96,100,13.31
329,Hamilton,US,2022-07-05 18:50:42,39.1834,-84.5333,94.23,73,75,25.32
330,Kudahuvadhoo,MV,2022-07-05 18:51:17,2.6708,72.8944,81.91,79,100,16.96
331,Karla,EE,2022-07-05 18:51:18,59.3723,24.9275,64.36,63,20,14.97
332,Coquimbo,CL,2022-07-05 18:48:25,-29.9533,-71.3436,60.53,51,0,14.97
333,Kavaratti,IN,2022-07-05 18:51:18,10.5669,72.642,81.7,84,100,21.63
334,Mushie,CD,2022-07-05 18:51:18,-3.0167,16.9,81.39,31,6,1.9
335,Neyshabur,IR,2022-07-05 18:47:12,36.2133,58.7958,71.17,34,0,5.23
336,Thohoyandou,ZA,2022-07-05 18:51:19,-22.9456,30.485,59.74,63,0,2.06
337,Caxito,AO,2022-07-05 18:51:19,-8.5785,13.6643,66.56,90,19,3.56
338,Mbigou,GA,2022-07-05 18:51:19,-1.9005,11.906,69.85,70,22,1.21
339,Margate,GB,2022-07-05 18:51:20,51.3813,1.3862,70.11,59,100,1.99
340,Cordoba,AR,2022-07-05 18:51:20,-31.4135,-64.1811,68.76,26,0,10.36
341,Karonga,MW,2022-07-05 18:51:21,-9.9333,33.9333,67.77,63,2,4.59
342,Santa Rosa,PH,2022-07-05 18:47:54,14.3122,121.1114,77.11,89,100,2.17
343,Walvis Bay,NA,2022-07-05 18:51:21,-22.9575,14.5053,57.09,76,0,5.75
344,Kamenka,RU,2022-07-05 18:51:22,51.3223,42.7678,61.72,74,27,7.74
345,Lukiv,UA,2022-07-05 18:51:22,51.0521,25.4006,71.78,66,100,5.12
346,Barrington,US,2022-07-05 18:51:22,41.7407,-71.3087,80.89,82,100,4.0
347,Ouango,CF,2022-07-05 18:51:23,4.3133,22.5552,69.53,97,16,2.42
348,Kathmandu,NP,2022-07-05 18:49:05,27.7167,85.3167,73.62,94,40,5.75
349,Morant Bay,JM,2022-07-05 18:47:07,17.8815,-76.4093,91.71,68,13,11.77
350,Padang,ID,2022-07-05 18:51:23,-0.9492,100.3543,77.05,85,64,3.96
351,Aragarcas,BR,2022-07-05 18:51:24,-15.8975,-52.2508,88.45,23,0,4.61
352,Vallenar,CL,2022-07-05 18:51:24,-28.5708,-70.7581,70.39,19,100,4.45
353,Husavik,IS,2022-07-05 18:51:24,66.0449,-17.3389,44.53,80,45,7.99
354,Lumberton,US,2022-07-05 18:47:14,34.6182,-79.0086,93.81,55,20,8.05
355,Santa Lucia,ES,2022-07-05 18:50:20,27.9117,-15.5407,67.77,64,20,31.07
356,Porto Velho,BR,2022-07-05 18:49:56,-8.7619,-63.9039,91.45,46,40,6.91
357,Urucara,BR,2022-07-05 18:51:25,-2.5364,-57.76,86.61,61,25,3.6
358,Nurota,UZ,2022-07-05 18:51:25,40.5614,65.6886,72.52,25,0,4.0
359,Bentiu,SS,2022-07-05 18:51:26,9.2333,29.8333,74.52,79,64,0.74
360,Praia Da Vitoria,PT,2022-07-05 18:51:26,38.7333,-27.0667,70.75,83,75,8.34
361,Awash,ET,2022-07-05 18:51:26,8.9833,40.1667,82.31,34,1,3.87
362,Butterworth,MY,2022-07-05 18:51:26,5.3991,100.3638,82.06,87,20,1.14
363,Vossevangen,NO,2022-07-05 18:51:27,60.623,6.4229,53.55,90,100,5.39
364,Grand Baie,MU,2022-07-05 18:51:27,-20.0182,57.5802,68.47,76,53,3.0
365,Acari,PE,2022-07-05 18:51:27,-15.4311,-74.6158,70.3,59,75,9.73
366,Belmonte,BR,2022-07-05 18:51:28,-15.8631,-38.8828,75.65,75,31,10.22
367,Marataizes,BR,2022-07-05 18:50:40,-21.0433,-40.8244,74.52,69,0,17.47
368,Quelimane,MZ,2022-07-05 18:51:28,-17.8786,36.8883,65.7,84,29,4.18
369,Puerto Del Rosario,ES,2022-07-05 18:51:28,28.5004,-13.8627,73.15,73,75,18.41
370,Huambo,AO,2022-07-05 18:51:29,-12.7761,15.7392,60.24,36,1,4.34
371,Aksarka,RU,2022-07-05 18:51:29,66.5606,67.7975,56.64,96,100,3.36
372,Camocim,BR,2022-07-05 18:47:42,-2.9022,-40.8411,82.53,65,74,12.12
373,Sinnamary,GF,2022-07-05 18:51:29,5.3833,-52.95,81.66,79,29,5.68
374,Oussouye,SN,2022-07-05 18:51:30,12.485,-16.5469,86.18,75,100,9.75
375,Maltahohe,NA,2022-07-05 18:52:30,-24.8333,16.9833,51.78,17,0,4.09
376,Balsas,BR,2022-07-05 18:52:30,-7.5325,-46.0356,93.65,27,65,8.72
377,Nagyoroszi,HU,2022-07-05 18:52:31,48.005,19.0905,69.3,93,98,8.66
378,Spring Hill,US,2022-07-05 18:51:15,28.4769,-82.5255,97.02,67,40,4.61
379,The Valley,AI,2022-07-05 18:52:31,18.217,-63.0578,86.14,66,40,14.97
380,Sisimiut,GL,2022-07-05 18:52:31,66.9395,-53.6735,43.75,94,100,1.86
381,Novyy Urengoy,RU,2022-07-05 18:52:32,66.0833,76.6333,54.99,75,100,6.87
382,Kushmurun,KZ,2022-07-05 18:52:32,52.4503,64.6311,52.95,83,67,8.81
383,Nankana Sahib,PK,2022-07-05 18:52:32,31.4475,73.6972,99.1,39,36,5.61
384,Pabna,BD,2022-07-05 18:52:33,24.0,89.25,81.28,86,92,9.89
385,Tessalit,ML,2022-07-05 18:52:33,20.1986,1.0114,102.13,8,53,4.61
386,Nampula,MZ,2022-07-05 18:52:33,-15.1165,39.2666,64.92,78,100,3.58
387,Uruguaiana,BR,2022-07-05 18:49:08,-29.7547,-57.0883,66.13,88,100,11.5
388,Hambantota,LK,2022-07-05 18:52:34,6.1241,81.1185,79.14,89,20,5.75
389,Barra Do Garcas,BR,2022-07-05 18:49:15,-15.89,-52.2567,88.38,23,0,4.61
390,Camacha,PT,2022-07-05 18:52:34,33.0833,-16.3333,67.42,64,75,12.66
391,Tahoua,NE,2022-07-05 18:52:34,14.8888,5.2692,93.18,38,20,11.5
392,Umkomaas,ZA,2022-07-05 18:52:35,-30.2067,30.7978,65.68,77,51,6.76
393,Ginir,ET,2022-07-05 18:52:35,7.1333,40.7,60.8,68,42,4.94
394,Nokaneng,BW,2022-07-05 18:52:35,-19.6667,22.2667,65.86,33,20,5.32
395,Azangaro,PE,2022-07-05 18:52:36,-14.9167,-70.2167,60.46,18,9,3.2
396,Tubinskiy,RU,2022-07-05 18:52:36,52.8892,58.2225,49.01,77,84,5.55
397,Pimenta Bueno,BR,2022-07-05 18:52:36,-11.6725,-61.1936,93.61,25,0,2.71
398,Port Blair,IN,2022-07-05 18:52:36,11.6667,92.75,77.04,94,100,3.44
399,Kumluca,TR,2022-07-05 18:52:37,36.3703,30.2869,83.1,42,0,5.57
400,Umm Lajj,SA,2022-07-05 18:52:37,25.0213,37.2685,88.63,50,6,5.14
401,Teguldet,RU,2022-07-05 18:52:37,57.3064,88.1667,61.0,75,100,7.63
402,Soure,BR,2022-07-05 18:52:38,-0.7167,-48.5233,81.52,78,30,10.83
403,Adre,TD,2022-07-05 18:52:38,13.4667,22.2,75.49,71,83,13.85
404,Bilma,NE,2022-07-05 18:49:04,18.6853,12.9164,96.82,12,10,6.98
405,Saint Andrews,US,2022-07-05 18:52:38,34.0454,-81.1293,93.79,65,75,4.61
406,Brokopondo,SR,2022-07-05 18:52:38,4.75,-55.1667,85.78,58,42,2.84
407,Lukovetskiy,RU,2022-07-05 18:52:39,64.2956,41.9211,66.99,80,18,3.0
408,Guaruja,BR,2022-07-05 18:52:39,-23.9931,-46.2564,80.83,44,0,3.44
409,Hualmay,PE,2022-07-05 18:52:39,-11.0964,-77.6139,66.54,71,24,10.98
410,Buturlino,RU,2022-07-05 18:52:40,55.5667,44.8974,57.65,75,7,5.75
411,Kintampo,GH,2022-07-05 18:52:40,8.0563,-1.7306,73.27,90,27,5.01
412,Kargopol,RU,2022-07-05 18:52:40,61.5071,38.9456,60.31,98,100,1.19
413,Tandil,AR,2022-07-05 18:52:41,-37.3217,-59.1332,56.68,26,41,10.13
414,Pangody,RU,2022-07-05 18:52:41,65.85,74.4859,51.73,80,100,6.6
415,Leh,IN,2022-07-05 18:52:41,34.1667,77.5833,63.63,58,78,1.68
416,Mapiripan,CO,2022-07-05 18:52:41,2.8892,-72.1256,80.96,79,72,4.99
417,Jutai,BR,2022-07-05 18:52:42,-5.1833,-68.9,82.09,85,54,2.77
418,Oranjestad,AW,2022-07-05 18:50:12,12.524,-70.027,80.58,83,10,20.78
419,Eenhana,NA,2022-07-05 18:52:42,-17.4667,16.3333,62.4,33,0,4.83
420,Tsiroanomandidy,MG,2022-07-05 18:52:42,-18.7667,46.0333,58.26,69,0,2.04
421,Iberia,US,2022-07-05 18:51:03,29.9502,-91.7507,92.08,58,0,9.22
422,Dobele,LV,2022-07-05 18:52:43,56.625,23.2786,58.41,77,11,5.77
423,Elliot,ZA,2022-07-05 18:53:43,-31.3333,27.85,50.02,53,76,5.1
424,Normandin,CA,2022-07-05 18:53:43,48.8333,-72.5321,71.73,49,100,5.75
425,Puchov,SK,2022-07-05 18:53:44,49.1249,18.326,64.51,98,100,3.98
426,Bonavista,CA,2022-07-05 18:53:44,48.6499,-53.1147,60.57,63,77,2.66
427,Saint-Felicien,CA,2022-07-05 18:53:44,48.6501,-72.4491,72.1,63,75,4.61
428,Sumbe,AO,2022-07-05 18:53:44,-11.2061,13.8437,68.05,89,6,2.95
429,Azovskaya,RU,2022-07-05 18:53:45,44.7908,38.6264,77.56,57,0,3.15
430,Henties Bay,NA,2022-07-05 18:53:45,-22.116,14.2845,56.53,79,0,10.76
431,Oistins,BB,2022-07-05 18:53:37,13.0667,-59.5333,84.29,74,20,18.41
432,Carora,VE,2022-07-05 18:53:45,10.1755,-70.0827,95.34,31,98,7.74
433,Jagtial,IN,2022-07-05 18:49:48,18.8,78.9333,76.91,89,100,4.21
434,Sinnar,SD,2022-07-05 18:53:46,13.5691,33.5672,89.19,44,11,8.41
435,Puerto Leguizamo,CO,2022-07-05 18:53:46,-0.1934,-74.7819,73.42,97,98,3.15
436,Carballo,ES,2022-07-05 18:53:46,43.213,-8.691,74.75,78,0,14.23
437,Manjacaze,MZ,2022-07-05 18:53:46,-24.7117,33.8828,61.14,87,0,5.46
438,Tromso,NO,2022-07-05 18:53:47,69.6496,18.957,57.22,88,75,4.61
439,Sapernoye,RU,2022-07-05 18:53:47,60.7167,29.9505,63.05,60,99,9.91
440,Yarmouth,US,2022-07-05 18:53:47,41.7057,-70.2286,73.51,80,100,11.5
441,Segbwema,SL,2022-07-05 18:53:48,7.9967,-10.9496,74.23,95,78,3.53
442,Sinyavino,RU,2022-07-05 18:53:48,59.9078,31.0711,66.22,1,100,8.19
443,Sheboygan,US,2022-07-05 18:53:48,43.7333,-87.9334,87.98,75,75,9.22
444,Cayenne,GF,2022-07-05 18:53:49,4.9333,-52.3333,84.24,19,75,4.61
445,Nuuk,GL,2022-07-05 18:53:49,64.1835,-51.7216,47.08,84,100,6.82
446,Vengerovo,RU,2022-07-05 18:53:49,55.6848,76.7471,58.19,97,100,11.3
447,Astana,KZ,2022-07-05 18:53:49,51.1801,71.446,57.15,77,75,6.71
448,Ayagoz,KZ,2022-07-05 18:53:50,47.9714,80.4392,66.42,36,95,17.18
449,Soyo,AO,2022-07-05 18:53:50,-6.1349,12.3689,70.72,85,93,10.2
450,Andria,IT,2022-07-05 18:53:50,41.2306,16.2909,87.24,61,0,3.56
451,Minsk,BY,2022-07-05 18:50:11,53.9,27.5667,71.35,80,40,6.6
452,Coromandel,BR,2022-07-05 18:53:50,-18.4733,-47.2003,76.53,31,0,7.31
453,Manzil Salim,TN,2022-07-05 18:53:51,35.8567,8.4765,92.01,19,0,9.33
454,Aktash,RU,2022-07-05 18:53:51,50.3,87.7333,41.77,89,74,3.4
455,Cockburn Town,TC,2022-07-05 18:50:25,21.4612,-71.1419,81.63,75,1,16.87
456,Tolyatti,RU,2022-07-05 18:53:51,53.5303,49.3461,56.75,77,21,5.21
457,Rawson,AR,2022-07-05 18:53:52,-43.3002,-65.1023,55.99,29,0,28.99
458,Saint-Louis,SN,2022-07-05 18:53:52,16.3333,-15.0,103.64,28,45,3.65
459,Kingston,JM,2022-07-05 18:50:05,17.997,-76.7936,91.24,63,20,25.32
460,Maceio,BR,2022-07-05 18:53:52,-9.6658,-35.7353,78.24,73,75,18.41
461,Qostanay,KZ,2022-07-05 18:53:53,53.1667,63.5833,53.89,82,40,6.71
462,Killybegs,IE,2022-07-05 18:53:53,54.6333,-8.45,56.91,96,100,11.36
463,Tiruvidaimarudur,IN,2022-07-05 18:53:53,10.996,79.4521,80.44,68,100,16.6
464,Izhmorskiy,RU,2022-07-05 18:53:53,56.194,86.6414,57.6,94,100,5.21
465,Barentu,ER,2022-07-05 18:53:54,15.1139,37.5928,80.96,47,2,5.7
466,Kambove,CD,2022-07-05 18:53:54,-10.8764,26.5969,58.14,49,0,4.21
467,Borba,BR,2022-07-05 18:52:16,-4.3878,-59.5939,85.46,63,88,3.13
468,Santa Cruz Del Sur,CU,2022-07-05 18:53:54,20.7147,-77.9956,85.82,66,13,6.85
469,Arrifes,PT,2022-07-05 18:53:55,37.7667,-25.7,70.23,77,40,11.5
470,Porto Real,BR,2022-07-05 18:54:55,-22.4197,-44.2903,77.7,50,0,2.44
471,Kez,RU,2022-07-05 18:54:55,57.8979,53.7152,55.31,78,5,4.83
472,Quatre Cocos,MU,2022-07-05 18:54:55,-20.2078,57.7625,68.11,74,93,14.5
473,Buenos Aires,AR,2022-07-05 18:51:54,-34.6132,-58.3772,60.69,80,75,6.91
474,Buritizeiro,BR,2022-07-05 18:54:56,-17.3511,-44.9622,84.45,24,0,3.74
475,Dongobesh,TZ,2022-07-05 18:54:56,-4.0667,35.3833,55.69,58,29,4.5
476,Fethiye,TR,2022-07-05 18:54:56,36.6217,29.1164,78.67,50,0,3.31
477,Sistranda,NO,2022-07-05 18:54:57,63.7256,8.834,51.76,74,100,28.07
478,Lamu,KE,2022-07-05 18:54:21,-2.2717,40.902,75.42,77,97,16.64
479,Tunceli,TR,2022-07-05 18:54:57,39.1083,39.5471,73.72,31,1,6.85
480,Roald,NO,2022-07-05 18:54:57,62.5833,6.1333,55.17,87,75,16.11
481,Bielsko-Biala,PL,2022-07-05 18:54:58,49.8224,19.0469,63.37,100,100,4.21
482,Vestmannaeyjar,IS,2022-07-05 18:54:58,63.4427,-20.2734,50.99,100,100,12.66
483,Ndele,CF,2022-07-05 18:54:58,8.4109,20.6473,71.22,91,91,1.92
484,Rioja,AR,2022-07-05 18:54:58,-29.4111,-66.8507,68.83,29,0,5.57
485,Pangoa,PE,2022-07-05 18:54:59,-12.1167,-73.0,88.09,37,34,5.14
486,Jesup,US,2022-07-05 18:54:59,31.6074,-81.8854,95.34,43,0,0.0
487,Santa Cruz,BO,2022-07-05 18:54:14,-17.8,-63.1667,89.65,45,40,17.27
488,Dingle,PH,2022-07-05 18:54:59,10.9995,122.6711,76.35,89,89,1.12
489,Molina,CL,2022-07-05 18:55:00,-35.1167,-71.2833,56.93,62,40,4.61
490,Axim,GH,2022-07-05 18:55:00,4.8699,-2.2405,76.66,87,72,6.33
491,Chandil,IN,2022-07-05 18:55:00,22.9667,86.05,82.81,78,100,5.06
492,San Sebastian,ES,2022-07-05 18:53:07,43.3128,-1.975,71.44,77,20,5.75
493,Srem,PL,2022-07-05 18:55:01,52.0887,17.0151,75.31,42,100,10.38
494,Deep River,CA,2022-07-05 18:55:01,46.1001,-77.4995,64.94,99,100,4.99
495,Marechal Candido Rondon,BR,2022-07-05 18:55:02,-24.5561,-54.0567,72.55,58,100,8.59
496,Sharjah,AE,2022-07-05 18:52:01,25.3573,55.4033,95.29,66,0,12.66
497,Zinder,NE,2022-07-05 18:55:02,13.8072,8.9881,89.56,51,0,9.22
498,Terrak,NO,2022-07-05 18:55:02,65.087,12.3715,53.47,85,100,6.8
499,Guadalajara,MX,2022-07-05 18:55:03,20.6667,-103.3333,79.99,70,100,3.2
500,Rocha,UY,2022-07-05 18:55:03,-34.4833,-54.3333,56.34,78,45,7.85
501,Galle,LK,2022-07-05 18:55:04,6.0367,80.217,78.93,85,100,8.84
502,Levittown,US,2022-07-05 18:50:22,40.1551,-74.8288,86.31,55,40,11.5
503,Akdepe,TM,2022-07-05 18:55:04,42.0551,59.3788,75.29,26,0,8.59
504,Faurei,RO,2022-07-05 18:55:05,45.0833,27.2667,86.79,34,20,11.83
505,Misratah,LY,2022-07-05 18:55:05,32.3754,15.0925,81.91,66,0,8.01
506,Iquique,CL,2022-07-05 18:53:04,-20.2208,-70.1431,60.84,67,93,3.29
507,Marathon,US,2022-07-05 18:55:05,44.9,-89.7668,81.93,69,40,6.91
508,Muzaffarabad,PK,2022-07-05 18:55:06,34.37,73.4711,80.8,86,91,2.53
509,Xai-Xai,MZ,2022-07-05 18:55:06,-25.0519,33.6442,64.45,82,0,7.16
510,Correntina,BR,2022-07-05 18:55:07,-13.3433,-44.6367,85.14,21,0,7.76
511,Vyartsilya,RU,2022-07-05 18:55:07,62.1764,30.693,66.61,100,1,5.64
512,Groningen,NL,2022-07-05 18:50:17,53.25,6.75,63.03,65,75,12.66
513,Dalbandin,PK,2022-07-05 18:55:07,28.8947,64.4101,87.31,48,100,0.38
514,San Ramon,US,2022-07-05 18:54:07,37.7799,-121.978,80.82,65,90,7.0
515,Nizwa,OM,2022-07-05 18:55:08,22.9333,57.5333,84.94,65,100,6.76
516,Nizhnedevitsk,RU,2022-07-05 18:55:08,51.5419,38.3657,68.09,78,2,4.9
517,Porto Novo,BJ,2022-07-05 18:50:12,6.4965,2.6036,78.62,84,72,4.74
518,Rio Grande,BR,2022-07-05 18:56:09,-32.035,-52.0986,57.31,93,100,3.8
519,Dwarka,IN,2022-07-05 18:56:09,22.2394,68.9678,82.17,83,100,10.63
520,Bom Jesus,BR,2022-07-05 18:56:09,-9.0744,-44.3586,92.48,26,8,9.8
521,Dakar,SN,2022-07-05 18:53:20,14.6937,-17.4441,86.13,74,40,9.22
522,Sao Francisco De Assis,BR,2022-07-05 18:52:17,-29.5503,-55.1311,71.55,77,100,2.62
523,Estelle,US,2022-07-05 18:56:10,29.8458,-90.1067,80.01,87,100,1.99
524,Uppsala,SE,2022-07-05 18:56:10,60.0,17.75,62.11,77,20,1.14
525,Les Cayes,HT,2022-07-05 18:56:11,18.2,-73.75,84.18,72,72,7.27
526,Gogrial,SS,2022-07-05 18:56:11,8.5332,28.1004,72.43,86,34,5.75
527,Santander,ES,2022-07-05 18:54:10,43.4647,-3.8044,68.47,88,40,5.01
528,Methoni,GR,2022-07-05 18:56:11,36.8197,21.7049,83.21,64,0,6.29
529,Comodoro Rivadavia,AR,2022-07-05 18:56:12,-45.8667,-67.5,49.86,46,0,19.57
530,Durazno,UY,2022-07-05 18:51:27,-33.4131,-56.5006,58.15,75,73,8.46
531,Fougamou,GA,2022-07-05 18:56:12,-1.2154,10.5838,78.87,66,51,2.64
532,Florian,CO,2022-07-05 18:56:13,5.8049,-73.9703,73.42,67,49,4.12
533,Road Town,VG,2022-07-05 18:56:13,18.4167,-64.6167,86.04,70,40,9.22
534,Colares,PT,2022-07-05 18:56:13,38.7992,-9.4469,73.29,68,20,8.05
535,Villazon,BO,2022-07-05 18:56:13,-22.0866,-65.5942,63.73,11,80,11.27
536,Kayerkan,RU,2022-07-05 18:56:14,69.3497,87.7602,55.53,62,100,3.44
537,Poitiers,FR,2022-07-05 18:56:14,46.5833,0.3333,77.41,33,0,12.66
538,Sidi Ali,DZ,2022-07-05 18:56:14,36.0998,0.4206,85.87,50,74,10.16
539,Maku,IR,2022-07-05 18:56:15,39.2911,44.4521,67.6,38,0,4.32
540,Manassas,US,2022-07-05 18:51:38,38.751,-77.4753,82.35,89,75,10.36
541,Mumford,GH,2022-07-05 18:56:15,5.2618,-0.759,76.41,89,23,9.01
542,Bloemfontein,ZA,2022-07-05 18:56:15,-29.1211,26.214,56.68,44,0,4.61
543,Doha,QA,2022-07-05 18:54:42,25.2867,51.5333,98.91,55,100,4.61
544,Tupancireta,BR,2022-07-05 18:56:16,-29.0806,-53.8358,70.97,75,99,9.86
545,Guadalupe,MX,2022-07-05 18:55:38,25.6833,-100.25,93.4,34,0,8.34
546,Aquiraz,BR,2022-07-05 18:56:16,-3.9014,-38.3911,80.69,72,73,8.59
547,Marovoay,MG,2022-07-05 18:56:16,-16.1,46.6333,72.25,52,0,10.87
548,Kirkenaer,NO,2022-07-05 18:56:17,60.4564,12.0582,59.74,63,98,4.36
549,Teshie,GH,2022-07-05 18:56:17,5.5836,-0.1072,79.36,83,20,13.8
550,Abrau-Dyurso,RU,2022-07-05 18:56:17,44.69,37.59,67.46,60,0,6.82
551,Cozumel,MX,2022-07-05 18:56:18,20.5083,-86.9458,89.94,70,14,5.01
552,Yarada,IN,2022-07-05 18:56:18,17.65,83.2667,82.72,89,75,5.75
553,Padre Bernardo,BR,2022-07-05 18:56:18,-15.35,-48.5,83.3,25,0,7.18
554,Savannah Bight,HN,2022-07-05 18:56:19,16.45,-85.85,82.35,80,100,18.72
555,Mponela,MW,2022-07-05 18:56:19,-13.5319,33.7401,56.93,66,11,5.37
556,Plouzane,FR,2022-07-05 18:56:19,48.3833,-4.6167,64.45,77,75,12.66
557,Talavera,PH,2022-07-05 18:56:20,15.6167,120.9333,74.91,91,100,1.25
558,Lauria,IT,2022-07-05 18:56:20,40.0465,15.8358,70.21,85,0,1.74
559,Qaqortoq,GL,2022-07-05 18:56:20,60.7167,-46.0333,45.46,99,100,6.93
560,Shaki,AZ,2022-07-05 18:56:21,41.0833,47.1667,73.87,38,52,10.38
561,Cotonou,BJ,2022-07-05 18:56:21,6.3654,2.4183,78.78,89,40,10.36
562,Bedesa,ET,2022-07-05 18:56:21,8.9,40.7833,67.64,50,4,4.21
563,Camapua,BR,2022-07-05 18:56:22,-19.5314,-54.0439,87.6,17,6,3.4
564,Primorsk,UA,2022-07-05 18:56:22,46.7348,36.3443,76.59,55,61,5.84
565,Bulungu,CD,2022-07-05 18:56:22,-4.55,18.6,78.21,28,65,1.45
566,Hun,LY,2022-07-05 18:56:23,29.1268,15.9477,89.08,26,0,17.09
567,Mehran,IR,2022-07-05 18:57:23,33.1222,46.1646,99.18,14,0,12.55
568,Chicama,PE,2022-07-05 18:57:23,-7.8447,-79.1469,63.14,61,1,10.89
569,Atlantic City,US,2022-07-05 18:57:24,39.3643,-74.4229,84.18,71,38,17.94
570,Niquelandia,BR,2022-07-05 18:57:24,-14.4739,-48.4597,86.36,25,0,6.2
571,Mogadishu,SO,2022-07-05 18:57:24,2.0371,45.3438,76.96,82,100,19.71
572,Lundazi,ZM,2022-07-05 18:57:25,-12.2929,33.1782,57.94,61,0,7.23
573,San Ramon De La Nueva Oran,AR,2022-07-05 18:57:25,-23.1322,-64.326,68.43,50,100,3.29
574,Abu Dhabi,AE,2022-07-05 18:56:38,24.4667,54.3667,95.11,77,0,9.22
575,Rosetta,EG,2022-07-05 18:57:26,31.4044,30.4164,77.31,69,0,12.1
