City_ID,City,Country,Date,Lat,Lng,Max Temp,Humidity,Cloudiness,Wind Speed,Current Description
0,Mahebourg,MU,2022-07-07 16:10:49,-20.4081,57.7,70.09,68,75,16.11,broken clouds
1,Verkhniy Baskunchak,RU,2022-07-07 16:10:49,48.2256,46.7217,85.17,23,0,6.53,clear sky
2,Westport,US,2022-07-07 16:10:41,41.1415,-73.3579,82.72,59,56,4.0,broken clouds
3,Kem,RU,2022-07-07 16:10:49,64.9555,34.5793,59.94,72,100,7.31,overcast clouds
4,Namibe,AO,2022-07-07 16:10:50,-15.1961,12.1522,67.87,80,4,8.75,clear sky
5,Kargasok,RU,2022-07-07 16:10:50,59.0556,80.8572,62.87,70,78,5.53,broken clouds
6,Manaus,BR,2022-07-07 16:09:07,-3.1019,-60.025,90.09,62,40,8.05,scattered clouds
7,Longyearbyen,SJ,2022-07-07 16:10:50,78.2186,15.6401,48.04,53,20,16.11,few clouds
8,Jacareacanga,BR,2022-07-07 16:10:50,-6.2222,-57.7528,93.81,36,3,4.52,clear sky
9,Jamestown,US,2022-07-07 16:10:51,42.097,-79.2353,80.02,64,75,8.05,broken clouds
10,Busselton,AU,2022-07-07 16:10:51,-33.65,115.3333,51.17,79,90,4.83,overcast clouds
11,Punta Arenas,CL,2022-07-07 16:09:21,-53.15,-70.9167,32.11,86,20,10.36,few clouds
12,Surt,LY,2022-07-07 16:10:51,31.2089,16.5887,84.85,61,0,9.69,clear sky
13,Laguna,US,2022-07-07 16:10:52,38.421,-121.4238,71.01,73,0,8.05,clear sky
14,Nanortalik,GL,2022-07-07 16:10:52,60.1432,-45.2371,45.07,88,77,5.35,broken clouds
15,Codrington,AU,2022-07-07 16:10:52,-38.2667,141.9667,51.37,70,92,20.54,overcast clouds
16,Bereda,ES,2022-07-07 16:10:53,43.2686,-7.5406,72.14,84,0,8.88,clear sky
17,Wisconsin Rapids,US,2022-07-07 16:10:53,44.3836,-89.8174,77.29,71,20,5.75,few clouds
18,Sao Felix Do Xingu,BR,2022-07-07 16:10:53,-6.6447,-51.995,91.92,33,2,6.53,clear sky
19,Aswan,EG,2022-07-07 16:10:53,24.0934,32.907,102.25,11,81,9.69,broken clouds
20,La Vega,DO,2022-07-07 16:10:54,19.2221,-70.5296,88.65,42,5,13.06,clear sky
21,Sao Miguel Do Iguacu,BR,2022-07-07 16:10:54,-25.3481,-54.2378,81.48,40,60,8.97,broken clouds
22,Bambous Virieux,MU,2022-07-07 16:10:54,-20.3428,57.7575,70.05,68,75,16.11,broken clouds
23,Bredasdorp,ZA,2022-07-07 16:10:55,-34.5322,20.0403,54.21,83,54,6.49,broken clouds
24,Floro,NO,2022-07-07 16:10:55,61.5996,5.0328,61.23,76,40,10.36,scattered clouds
25,Hermanus,ZA,2022-07-07 16:10:55,-34.4187,19.2345,57.79,86,87,6.42,overcast clouds
26,Aripuana,BR,2022-07-07 16:10:55,-9.1667,-60.6333,93.9,26,4,3.76,clear sky
27,Damaturu,NG,2022-07-07 16:10:56,11.747,11.9608,97.56,28,20,7.63,few clouds
28,Ushuaia,AR,2022-07-07 16:06:05,-54.8,-68.3,33.46,69,20,3.44,few clouds
29,Axim,GH,2022-07-07 16:10:56,4.8699,-2.2405,78.64,78,86,10.36,overcast clouds
30,Beberibe,BR,2022-07-07 16:10:56,-4.1797,-38.1306,82.63,66,99,12.8,overcast clouds
31,Saldanha,ZA,2022-07-07 16:10:57,-33.0117,17.9442,56.97,79,7,5.37,clear sky
32,East London,ZA,2022-07-07 16:10:57,-33.0153,27.9116,66.07,55,0,1.57,clear sky
33,Clarence Town,AU,2022-07-07 16:10:57,-32.5833,151.7833,52.86,90,18,8.3,few clouds
34,Arraial Do Cabo,BR,2022-07-07 16:10:58,-22.9661,-42.0278,82.26,51,0,12.66,clear sky
35,Orthez,FR,2022-07-07 16:10:58,43.4884,-0.7724,82.67,41,37,13.73,scattered clouds
36,Bageshwar,IN,2022-07-07 16:10:58,29.85,79.7667,76.19,82,86,1.59,overcast clouds
37,Iqaluit,CA,2022-07-07 16:10:58,63.7506,-68.5145,38.93,93,100,4.61,overcast clouds
38,Hualmay,PE,2022-07-07 16:10:59,-11.0964,-77.6139,64.72,71,70,4.16,broken clouds
39,Puno,PE,2022-07-07 16:10:59,-15.8333,-70.0333,53.17,41,22,7.45,few clouds
40,Qaanaaq,GL,2022-07-07 16:10:59,77.484,-69.3632,43.63,64,26,0.76,scattered clouds
41,Lebu,CL,2022-07-07 16:11:00,-37.6167,-73.65,49.98,73,58,5.68,broken clouds
42,Semnan,IR,2022-07-07 16:11:00,35.5729,53.3971,88.09,20,0,9.4,clear sky
43,Georgetown,MY,2022-07-07 16:08:56,5.4112,100.3354,84.88,79,20,0.0,few clouds
44,Huambo,AO,2022-07-07 16:11:00,-12.7761,15.7392,72.63,23,11,3.83,few clouds
45,Mar Del Plata,AR,2022-07-07 16:06:16,-38.0023,-57.5575,53.1,50,0,23.02,clear sky
46,Kavaratti,IN,2022-07-07 16:11:01,10.5669,72.642,81.37,82,100,17.49,light rain
47,Rumonge,BI,2022-07-07 16:11:01,-3.9736,29.4386,74.77,66,16,3.65,few clouds
48,Oslo,NO,2022-07-07 16:10:19,59.9127,10.7461,74.48,41,64,5.44,broken clouds
49,Hithadhoo,MV,2022-07-07 16:11:02,-0.6,73.0833,82.9,76,100,6.87,overcast clouds
50,Grand Gaube,MU,2022-07-07 16:08:05,-20.0064,57.6608,70.2,73,35,1.99,scattered clouds
51,Ribeira Grande,PT,2022-07-07 16:11:02,38.5167,-28.7,70.2,73,40,5.75,scattered clouds
52,Mariental,NA,2022-07-07 16:11:03,-24.6333,17.9667,70.56,18,0,6.24,clear sky
53,Adeje,ES,2022-07-07 16:11:04,28.1227,-16.726,76.87,60,0,25.32,clear sky
54,Victoria,HK,2022-07-07 16:06:43,22.2855,114.1577,85.32,88,100,13.0,overcast clouds
55,Barra Do Garcas,BR,2022-07-07 16:11:04,-15.89,-52.2567,90.27,21,0,10.0,clear sky
56,Upernavik,GL,2022-07-07 16:11:05,72.7868,-56.1549,38.8,88,73,13.18,broken clouds
57,Somerset,US,2022-07-07 16:09:06,40.5668,-74.5496,82.83,69,75,8.05,broken clouds
58,Karpogory,RU,2022-07-07 16:11:06,64.0019,44.4451,66.34,64,100,2.86,overcast clouds
59,Port Elizabeth,ZA,2022-07-07 16:11:07,-33.918,25.5701,57.09,79,60,4.72,broken clouds
60,Maxixe,MZ,2022-07-07 16:11:07,-23.8597,35.3472,65.14,74,0,5.35,clear sky
61,Saint-Philippe,RE,2022-07-07 16:11:07,-21.3585,55.7679,71.19,76,91,15.03,overcast clouds
62,Buchanan,LR,2022-07-07 16:11:08,5.8808,-10.0467,79.68,76,65,11.34,light rain
63,Thurso,GB,2022-07-07 16:11:08,58.5927,-3.5259,64.65,86,100,23.22,overcast clouds
64,Chipiona,ES,2022-07-07 16:06:14,36.7366,-6.437,98.78,51,0,12.66,clear sky
65,Alice Town,BS,2022-07-07 16:11:09,25.7167,-79.3,83.23,68,100,10.83,overcast clouds
66,Uthal,PK,2022-07-07 16:11:09,25.8072,66.6219,84.94,78,97,9.57,light rain
67,Torbay,CA,2022-07-07 16:09:30,47.6666,-52.7314,66.97,94,100,16.11,overcast clouds
68,Paamiut,GL,2022-07-07 16:11:10,61.994,-49.6678,41.83,90,23,8.97,few clouds
69,Chuy,UY,2022-07-07 16:09:33,-33.6971,-53.4616,60.31,54,0,11.39,clear sky
70,Ornes,NO,2022-07-07 16:11:11,66.8689,13.7078,50.99,94,100,11.45,light rain
71,Fort-Shevchenko,KZ,2022-07-07 16:11:11,44.5086,50.263,75.02,55,0,13.29,clear sky
72,Olafsvik,IS,2022-07-07 16:11:12,64.8945,-23.7142,48.11,94,100,23.4,overcast clouds
73,Estepa,ES,2022-07-07 16:11:12,37.2926,-4.879,100.8,19,0,8.3,clear sky
74,Olinda,BR,2022-07-07 16:11:12,-8.0089,-34.8553,80.33,78,75,14.97,broken clouds
75,Vardo,NO,2022-07-07 16:11:13,70.3705,31.1107,57.18,82,0,4.61,clear sky
76,Tazovskiy,RU,2022-07-07 16:11:14,67.4667,78.7,59.22,64,43,7.0,scattered clouds
77,Camacha,PT,2022-07-07 16:11:14,33.0833,-16.3333,72.82,57,75,16.11,broken clouds
78,Ugoofaaru,MV,2022-07-07 16:11:14,5.6667,73.0,82.69,79,100,13.65,light rain
79,Santa Rosa,PH,2022-07-07 16:07:01,14.3122,121.1114,80.11,93,100,1.05,light rain
80,Port Alfred,ZA,2022-07-07 16:11:15,-33.5906,26.891,58.17,79,31,3.83,scattered clouds
81,Ostrovnoy,RU,2022-07-07 16:11:15,68.0531,39.5131,64.09,59,93,8.34,overcast clouds
82,Sistranda,NO,2022-07-07 16:11:16,63.7256,8.834,49.96,83,100,27.74,overcast clouds
83,Hamilton,US,2022-07-07 16:11:04,39.1834,-84.5333,83.57,79,100,4.61,overcast clouds
84,Nueva Italia,PY,2022-07-07 16:11:16,-25.6167,-57.5,83.43,31,45,11.27,scattered clouds
85,Cape Town,ZA,2022-07-07 16:11:17,-33.9258,18.4232,60.39,85,96,3.0,light rain
86,Viedma,AR,2022-07-07 16:11:17,-40.8135,-62.9967,51.33,29,2,24.4,clear sky
87,Araouane,ML,2022-07-07 16:11:18,18.9048,-3.5265,107.17,16,29,8.5,scattered clouds
88,Tessalit,ML,2022-07-07 16:11:18,20.1986,1.0114,107.67,9,1,10.11,clear sky
89,Port Hawkesbury,CA,2022-07-07 16:11:18,45.6169,-61.3485,70.18,70,0,17.0,clear sky
90,Turayf,SA,2022-07-07 16:11:19,31.6725,38.6637,91.67,13,0,6.8,clear sky
91,Istria,RO,2022-07-07 16:11:19,44.5667,28.7167,83.35,45,41,18.25,scattered clouds
92,Road Town,VG,2022-07-07 16:11:20,18.4167,-64.6167,87.89,66,40,9.22,scattered clouds
93,Maniitsoq,GL,2022-07-07 16:11:20,65.4167,-52.9,42.93,89,100,3.53,overcast clouds
94,Lagoa,PT,2022-07-07 16:11:21,39.05,-27.9833,66.34,78,99,13.27,overcast clouds
95,Tasiilaq,GL,2022-07-07 16:11:21,65.6145,-37.6368,51.96,86,100,5.39,overcast clouds
96,Kasongo-Lunda,CD,2022-07-07 16:11:22,-6.4667,16.8167,89.78,20,87,3.89,overcast clouds
97,Kudymkar,RU,2022-07-07 16:11:22,59.0173,54.656,71.49,76,7,5.75,clear sky
98,San Cristobal,VE,2022-07-07 16:11:22,7.7669,-72.225,80.78,58,41,7.99,scattered clouds
99,Berlevag,NO,2022-07-07 16:11:23,70.8578,29.0864,57.2,82,100,2.3,overcast clouds
100,Korla,CN,2022-07-07 16:11:23,41.7597,86.1469,86.77,15,47,15.99,scattered clouds
101,Luba,GQ,2022-07-07 16:11:23,3.4568,8.5547,77.49,89,76,12.24,light rain
102,Puerto Ayacucho,VE,2022-07-07 16:11:24,5.6639,-67.6236,81.14,81,93,3.38,overcast clouds
103,Vila Velha,BR,2022-07-07 16:11:24,-20.3297,-40.2925,82.35,64,20,12.66,few clouds
104,Stokmarknes,NO,2022-07-07 16:11:24,68.5646,14.9108,51.76,87,75,14.97,light intensity drizzle
105,Naustdal,NO,2022-07-07 16:11:24,61.509,5.7168,61.12,71,75,10.36,light rain
106,Meulaboh,ID,2022-07-07 16:11:25,4.1363,96.1285,78.57,80,30,1.92,scattered clouds
107,Hambantota,LK,2022-07-07 16:11:25,6.1241,81.1185,81.18,73,89,17.47,overcast clouds
108,Firovo,RU,2022-07-07 16:11:25,57.4814,33.7021,64.56,65,98,7.47,overcast clouds
109,Ancud,CL,2022-07-07 16:11:26,-41.8697,-73.8203,47.23,86,100,16.58,light rain
110,Bestobe,KZ,2022-07-07 16:11:26,52.4994,73.0975,64.18,70,100,6.85,light rain
111,Souillac,MU,2022-07-07 16:11:26,-20.5167,57.5167,70.18,68,75,16.11,broken clouds
112,Atar,MR,2022-07-07 16:11:27,20.5169,-13.0499,111.94,9,1,10.02,clear sky
113,Muisne,EC,2022-07-07 16:11:27,0.6,-80.0333,74.55,84,100,9.35,overcast clouds
114,Mega,ET,2022-07-07 16:11:27,4.05,38.3,60.24,73,94,10.92,overcast clouds
115,Ilulissat,GL,2022-07-07 16:11:28,69.2167,-51.1,42.82,87,75,3.44,broken clouds
116,Shache,CN,2022-07-07 16:11:28,38.4167,77.2406,89.11,19,99,4.59,overcast clouds
117,Sabya,SA,2022-07-07 16:11:29,17.1495,42.6254,91.6,53,100,7.87,overcast clouds
118,Tubuala,PA,2022-07-07 16:11:29,9.5167,-79.0333,82.02,80,100,9.62,overcast clouds
119,Hauterive,FR,2022-07-07 16:11:29,46.0901,3.4459,75.96,49,15,11.23,few clouds
120,Vila Franca Do Campo,PT,2022-07-07 16:10:36,37.7167,-25.4333,75.2,64,80,9.35,broken clouds
121,Iskateley,RU,2022-07-07 16:11:30,67.6803,53.1512,69.66,56,100,6.73,overcast clouds
122,Batangafo,CF,2022-07-07 16:11:30,7.3008,18.2833,85.53,66,37,2.91,scattered clouds
123,Grand-Santi,GF,2022-07-07 16:06:56,4.25,-54.3833,88.43,50,24,4.56,few clouds
124,Winneba,GH,2022-07-07 16:11:31,5.3511,-0.6231,78.19,82,58,13.22,broken clouds
125,Oistins,BB,2022-07-07 16:11:31,13.0667,-59.5333,87.89,62,40,20.71,scattered clouds
126,Husavik,IS,2022-07-07 16:11:32,66.0449,-17.3389,52.11,87,100,6.15,overcast clouds
127,Coihaique,CL,2022-07-07 16:11:32,-45.5752,-72.0662,35.55,87,100,3.44,light snow
128,Nampula,MZ,2022-07-07 16:11:32,-15.1165,39.2666,70.47,54,95,6.17,overcast clouds
129,Kilrush,IE,2022-07-07 16:11:32,52.6397,-9.4833,65.95,84,72,10.76,broken clouds
130,Saint George,US,2022-07-07 16:09:40,37.1041,-113.5841,87.64,17,0,4.61,clear sky
131,Papenburg,DE,2022-07-07 16:11:33,53.0667,7.4,64.63,80,89,11.99,overcast clouds
132,Radom,PL,2022-07-07 16:11:33,51.4025,21.1471,71.11,39,99,3.24,overcast clouds
133,Roald,NO,2022-07-07 16:11:34,62.5833,6.1333,59.16,82,75,14.97,broken clouds
134,Huittinen,FI,2022-07-07 16:11:34,61.1833,22.7,62.42,46,78,9.26,broken clouds
135,Muchkapskiy,RU,2022-07-07 16:11:34,51.8513,42.4717,76.26,54,24,7.09,few clouds
136,Coueron,FR,2022-07-07 16:11:34,47.2151,-1.7217,78.75,50,75,8.05,broken clouds
137,Djambala,CG,2022-07-07 16:11:35,-2.5447,14.7533,86.4,31,85,5.44,overcast clouds
138,Puerto Quijarro,BO,2022-07-07 16:11:35,-17.7833,-57.7667,92.48,20,2,8.52,clear sky
139,Klaksvik,FO,2022-07-07 16:11:35,62.2266,-6.589,52.72,84,51,26.73,broken clouds
140,Pitimbu,BR,2022-07-07 16:11:36,-7.4706,-34.8086,75.79,84,98,17.56,overcast clouds
141,Dikson,RU,2022-07-07 16:11:36,73.5069,80.5464,36.73,84,100,8.79,light rain
142,Havre-Saint-Pierre,CA,2022-07-07 16:11:36,50.2334,-63.5986,63.75,54,18,11.32,few clouds
143,Tarko-Sale,RU,2022-07-07 16:11:37,64.9225,77.785,67.14,60,75,8.9,broken clouds
144,Fraserburgh,GB,2022-07-07 16:11:37,57.6874,-2.0184,73.44,78,70,7.87,broken clouds
145,Lahti,RU,2022-07-07 16:11:37,59.9911,30.1597,71.15,76,90,7.54,overcast clouds
146,Muli,MV,2022-07-07 16:11:37,2.9167,73.5667,82.94,77,100,4.16,light rain
147,Akhmim,EG,2022-07-07 16:11:38,26.5622,31.745,98.46,11,3,15.86,clear sky
148,Ceres,US,2022-07-07 16:09:13,37.5949,-120.9577,75.79,69,0,9.22,clear sky
149,Pout,SN,2022-07-07 16:11:38,14.7739,-17.0603,86.76,62,20,13.8,few clouds
150,Salalah,OM,2022-07-07 16:11:38,17.0151,54.0924,77.09,100,100,4.61,light intensity drizzle
151,Ponta Do Sol,PT,2022-07-07 16:11:39,32.6667,-17.1,80.01,63,3,3.09,clear sky
152,Boa Esperanca,BR,2022-07-07 16:11:39,-21.09,-45.5658,76.71,35,72,5.59,broken clouds
153,Isiro,CD,2022-07-07 16:09:58,2.7739,27.616,73.17,78,82,1.54,broken clouds
154,Tashtyp,RU,2022-07-07 16:11:39,52.7939,89.8983,55.15,91,74,3.89,broken clouds
155,Tashtagol,RU,2022-07-07 16:11:40,52.7657,87.8894,54.28,96,89,1.41,overcast clouds
156,Castro,BR,2022-07-07 16:11:40,-24.7911,-50.0119,71.31,46,46,9.46,scattered clouds
157,Suez,EG,2022-07-07 16:11:40,29.9737,32.5263,94.19,17,0,4.81,clear sky
158,Sao Filipe,CV,2022-07-07 16:11:40,14.8961,-24.4956,76.23,73,19,11.54,few clouds
159,Hofn,IS,2022-07-07 16:11:41,64.2539,-15.2082,53.04,83,35,18.03,scattered clouds
160,Manpur,IN,2022-07-07 16:11:41,22.4333,75.6167,76.89,87,100,16.33,light rain
161,Margate,GB,2022-07-07 16:10:38,51.3813,1.3862,72.3,61,23,5.01,few clouds
162,Faya,SA,2022-07-07 16:11:41,18.3851,42.4509,75.72,49,98,7.67,overcast clouds
163,Darab,IR,2022-07-07 16:11:42,28.7519,54.5444,93.45,35,99,11.14,light rain
164,Saint Anthony,US,2022-07-07 16:11:42,45.0205,-93.218,84.94,73,40,5.75,scattered clouds
165,Iralaya,HN,2022-07-07 16:11:42,15.0,-83.2333,84.22,70,5,9.75,clear sky
166,Cidreira,BR,2022-07-07 16:11:42,-30.1811,-50.2056,65.88,74,100,5.23,overcast clouds
167,Sur,OM,2022-07-07 16:11:43,22.5667,59.5289,84.38,79,93,7.25,overcast clouds
168,Yanam,IN,2022-07-07 16:11:43,16.7333,82.2167,80.15,83,100,7.09,light rain
169,Marsa Matruh,EG,2022-07-07 16:11:43,31.3525,27.2453,82.69,54,0,14.7,clear sky
170,Santo Amaro Da Imperatriz,BR,2022-07-07 16:11:44,-27.6881,-48.7786,81.64,61,60,4.29,broken clouds
171,Antalaha,MG,2022-07-07 16:11:44,-14.9003,50.2788,69.19,82,15,11.9,light rain
172,Karpathos,GR,2022-07-07 16:11:44,35.507,27.2132,78.76,65,0,28.77,clear sky
173,Challans,FR,2022-07-07 16:11:45,46.8436,-1.8749,81.52,57,0,16.13,clear sky
174,Honningsvag,NO,2022-07-07 16:11:45,70.9821,25.9704,56.95,77,84,3.44,broken clouds
175,Natal,BR,2022-07-07 16:08:19,-5.795,-35.2094,81.25,89,75,6.91,broken clouds
176,Wilmington Island,US,2022-07-07 16:10:45,32.0036,-80.9737,95.09,63,98,5.19,overcast clouds
177,Shupiyan,IN,2022-07-07 16:11:46,33.7167,74.8333,67.84,81,47,5.01,scattered clouds
178,Praia Da Vitoria,PT,2022-07-07 16:11:46,38.7333,-27.0667,72.75,68,92,11.01,overcast clouds
179,Formosa,AR,2022-07-07 16:11:46,-26.1775,-58.1781,76.98,57,75,9.22,broken clouds
180,Songea,TZ,2022-07-07 16:11:46,-10.6833,35.65,61.18,77,92,2.95,overcast clouds
181,Ati,TD,2022-07-07 16:11:47,13.2154,18.3353,99.34,26,29,7.65,scattered clouds
182,Clyde River,CA,2022-07-07 16:11:47,70.4692,-68.5914,42.12,68,100,6.58,overcast clouds
183,Veraval,IN,2022-07-07 16:11:47,20.9,70.3667,81.37,85,100,21.97,overcast clouds
184,Chardara,KZ,2022-07-07 16:11:48,41.2547,67.9692,78.19,28,0,10.07,clear sky
185,Nizwa,OM,2022-07-07 16:11:48,22.9333,57.5333,81.37,75,100,0.94,overcast clouds
186,Mehamn,NO,2022-07-07 16:11:48,71.0357,27.8492,57.15,77,40,11.5,scattered clouds
187,Coquimbo,CL,2022-07-07 16:11:49,-29.9533,-71.3436,60.53,51,0,10.36,clear sky
188,Takoradi,GH,2022-07-07 16:09:16,4.8845,-1.7554,78.4,80,78,10.87,broken clouds
189,Raudeberg,NO,2022-07-07 16:11:49,61.9875,5.1352,52.95,82,77,11.27,broken clouds
190,Apatity,RU,2022-07-07 16:11:49,67.5641,33.4031,62.28,64,86,7.43,light rain
191,Harboore,DK,2022-07-07 16:11:49,56.6175,8.1807,69.19,75,0,22.97,clear sky
192,Zemio,CF,2022-07-07 16:11:50,5.0314,25.1361,77.13,74,88,2.71,overcast clouds
193,Kruisfontein,ZA,2022-07-07 16:11:50,-34.0033,24.7314,54.88,87,98,4.03,overcast clouds
194,Grindavik,IS,2022-07-07 16:11:50,63.8424,-22.4338,50.47,93,100,26.46,overcast clouds
195,Belmonte,BR,2022-07-07 16:11:51,-15.8631,-38.8828,73.99,82,91,1.01,overcast clouds
196,Bengkulu,ID,2022-07-07 16:11:51,-3.8004,102.2655,77.22,90,14,3.38,few clouds
197,Necochea,AR,2022-07-07 16:11:51,-38.5473,-58.7368,50.31,44,3,25.08,light rain
198,Bonavista,CA,2022-07-07 16:11:51,48.6499,-53.1147,56.91,99,100,13.22,light rain
199,Holme,DK,2022-07-07 16:11:52,56.1138,10.1725,70.18,63,35,13.4,scattered clouds
200,Douentza,ML,2022-07-07 16:11:52,14.9951,-2.9517,102.92,23,27,6.91,scattered clouds
201,Bathsheba,BB,2022-07-07 16:11:52,13.2167,-59.5167,88.41,79,40,20.71,scattered clouds
202,Kokkola,FI,2022-07-07 16:11:12,63.8385,23.1307,62.76,69,20,10.36,few clouds
203,Iglesias,IT,2022-07-07 16:11:53,39.3114,8.535,91.78,43,0,14.54,clear sky
204,Alghero,IT,2022-07-07 16:11:53,40.5589,8.3181,78.89,57,0,10.36,clear sky
205,Oranjemund,NA,2022-07-07 16:11:53,-28.55,16.4333,56.59,64,0,7.67,clear sky
206,Sirna,RO,2022-07-07 16:11:54,44.8,25.95,74.75,73,67,2.59,broken clouds
207,Martinez,US,2022-07-07 16:10:08,38.0194,-122.1341,69.06,79,0,11.5,clear sky
208,Bonfim,BR,2022-07-07 16:11:54,3.0833,-59.95,86.05,62,31,8.39,scattered clouds
209,Tereze,RU,2022-07-07 16:11:54,43.9361,42.4434,65.41,82,14,7.94,light rain
210,Les Cayes,HT,2022-07-07 16:11:55,18.2,-73.75,86.83,59,2,13.33,clear sky
211,Asha,RU,2022-07-07 16:11:55,54.9973,57.2722,63.99,84,11,3.53,few clouds
212,Zychlin,PL,2022-07-07 16:11:55,52.244,19.6261,63.25,59,100,8.08,overcast clouds
213,Ponta Delgada,PT,2022-07-07 16:11:55,37.7333,-25.6667,75.51,62,51,8.43,broken clouds
214,Kyabe,TD,2022-07-07 16:11:56,9.4515,18.9449,89.91,51,57,3.42,broken clouds
215,Ndjole,GA,2022-07-07 16:11:56,-0.1783,10.7649,86.94,54,85,3.04,overcast clouds
216,Henties Bay,NA,2022-07-07 16:11:56,-22.116,14.2845,60.15,76,0,11.74,clear sky
217,Nortelandia,BR,2022-07-07 16:11:57,-14.4547,-56.8028,92.53,23,0,8.34,clear sky
218,Leshukonskoye,RU,2022-07-07 16:11:57,64.8989,45.7622,60.51,80,100,4.79,overcast clouds
219,Bennington,US,2022-07-07 16:11:57,42.8781,-73.1968,79.63,50,75,5.75,broken clouds
220,The Valley,AI,2022-07-07 16:11:58,18.217,-63.0578,87.66,78,5,20.8,clear sky
221,Oktyabrskoye,RU,2022-07-07 16:11:58,43.0645,44.7417,75.34,57,40,8.95,scattered clouds
222,Carnarvon,AU,2022-07-07 16:11:58,-24.8667,113.6333,67.24,26,0,6.69,clear sky
223,La Plata,AR,2022-07-07 16:09:32,-34.9215,-57.9545,55.04,30,0,12.86,clear sky
224,Khash,IR,2022-07-07 16:11:58,28.2211,61.2158,83.64,23,63,14.7,broken clouds
225,Puri,IN,2022-07-07 16:11:59,19.8,85.85,81.12,80,86,8.12,overcast clouds
226,Jalu,LY,2022-07-07 16:11:59,29.0331,21.5482,100.54,15,0,15.17,clear sky
227,Dingle,PH,2022-07-07 16:11:59,10.9995,122.6711,76.48,93,100,1.52,overcast clouds
228,Tromso,NO,2022-07-07 16:12:00,69.6496,18.957,52.38,82,75,10.36,light intensity shower rain
229,Aneho,TG,2022-07-07 16:12:00,6.2333,1.6,79.81,79,73,15.68,broken clouds
230,Nisia Floresta,BR,2022-07-07 16:12:00,-6.0911,-35.2086,81.41,78,89,11.59,overcast clouds
231,Sarakhs,IR,2022-07-07 16:12:01,36.5449,61.1577,85.69,16,0,10.71,clear sky
232,Lazurne,UA,2022-07-07 16:12:01,46.084,32.5295,81.64,48,1,9.73,clear sky
233,Pangody,RU,2022-07-07 16:12:01,65.85,74.4859,71.08,60,82,5.41,broken clouds
234,Belize,BZ,2022-07-07 16:10:34,17.25,-88.75,85.95,62,24,5.97,few clouds
235,Luderitz,NA,2022-07-07 16:12:02,-26.6481,15.1594,61.79,58,0,12.68,clear sky
236,Naivasha,KE,2022-07-07 16:12:02,-0.7167,36.4359,62.1,81,100,4.79,overcast clouds
237,Narsaq,GL,2022-07-07 16:12:03,60.9167,-46.05,52.02,81,75,6.73,broken clouds
238,Itaituba,BR,2022-07-07 16:12:03,-4.2761,-55.9836,92.93,41,4,4.92,clear sky
239,Kozluk,TR,2022-07-07 16:12:04,38.1938,41.4885,93.45,24,37,2.28,scattered clouds
240,Kaloz,HU,2022-07-07 16:12:04,46.9546,18.4826,72.23,38,99,18.32,moderate rain
241,Bad Frankenhausen,DE,2022-07-07 16:12:05,51.35,11.1,67.91,70,91,1.01,overcast clouds
242,Rocha,UY,2022-07-07 16:12:05,-34.4833,-54.3333,56.21,41,0,16.53,clear sky
243,Kamyshin,RU,2022-07-07 16:12:05,50.0983,45.416,76.03,42,0,7.02,clear sky
244,Albion,US,2022-07-07 16:12:06,42.2431,-84.753,78.85,70,40,0.0,scattered clouds
245,Shelburne,CA,2022-07-07 16:11:28,44.0787,-80.2041,71.6,53,1,5.55,clear sky
246,Patacamaya,BO,2022-07-07 16:12:06,-17.2333,-67.9167,52.32,30,29,7.67,scattered clouds
247,Saint-Francois,FR,2022-07-07 16:09:47,46.4154,3.9054,74.64,50,100,11.5,overcast clouds
248,Muros,ES,2022-07-07 16:12:07,42.7762,-9.0603,87.1,53,0,15.01,clear sky
249,Atbasar,KZ,2022-07-07 16:12:07,51.8,68.3333,61.5,80,98,9.75,overcast clouds
250,Karaton,ID,2022-07-07 16:12:07,-6.3424,106.1045,74.52,92,34,1.3,scattered clouds
251,Kalmunai,LK,2022-07-07 16:12:08,7.4167,81.8167,84.11,66,100,1.66,overcast clouds
252,Liwale,TZ,2022-07-07 16:12:08,-9.7667,37.9333,71.89,54,82,3.33,broken clouds
253,Iranshahr,IR,2022-07-07 16:12:09,27.2025,60.6848,95.34,41,40,9.22,scattered clouds
254,Opuwo,NA,2022-07-07 16:12:09,-18.0607,13.84,77.14,17,0,9.93,clear sky
255,Marieville,CA,2022-07-07 16:12:09,45.4334,-73.1658,75.78,51,2,2.42,clear sky
256,Nueve De Julio,AR,2022-07-07 16:12:10,-35.4444,-60.8831,55.72,21,0,10.33,clear sky
257,Marawi,PH,2022-07-07 16:12:11,7.9986,124.2928,70.29,93,100,4.99,overcast clouds
258,Mecca,SA,2022-07-07 16:12:11,21.4267,39.8261,95.47,18,34,14.25,scattered clouds
259,Kutum,SD,2022-07-07 16:12:11,14.2,24.6667,92.88,12,13,11.32,few clouds
260,Acari,PE,2022-07-07 16:12:12,-15.4311,-74.6158,73.27,49,5,6.02,clear sky
261,Bako,ET,2022-07-07 16:12:12,5.7833,36.5667,61.81,90,100,3.13,overcast clouds
262,Teguise,ES,2022-07-07 16:12:13,29.0605,-13.564,75.42,61,0,23.02,clear sky
263,Chapais,CA,2022-07-07 16:12:13,49.7834,-74.8492,67.77,33,93,7.78,overcast clouds
264,Chotila,IN,2022-07-07 16:12:13,22.4167,71.1833,77.25,90,98,19.17,overcast clouds
265,Malakal,SS,2022-07-07 16:12:14,9.5334,31.6605,75.16,85,96,7.09,moderate rain
266,Xambioa,BR,2022-07-07 16:12:14,-6.4111,-48.5364,93.04,33,24,6.8,few clouds
267,Leirvik,NO,2022-07-07 16:12:14,59.7798,5.5005,61.63,77,75,16.11,broken clouds
268,Asfi,MA,2022-07-07 16:12:15,32.2994,-9.2372,79.05,60,0,21.79,clear sky
269,Panaba,MX,2022-07-07 16:12:15,21.2833,-88.2667,88.72,51,32,4.92,scattered clouds
270,Hobyo,SO,2022-07-07 16:12:16,5.3505,48.5268,76.87,75,83,28.45,broken clouds
271,Belyy Yar,RU,2022-07-07 16:12:16,53.6039,91.3903,62.49,88,40,2.24,scattered clouds
272,Ampanihy,MG,2022-07-07 16:12:17,-24.7,44.75,69.96,51,0,8.59,clear sky
273,Baijiantan,CN,2022-07-07 16:12:17,45.6333,85.1833,85.03,23,46,9.4,scattered clouds
274,Kajaani,FI,2022-07-07 16:12:17,64.2273,27.7285,57.25,94,40,3.44,light intensity shower rain
275,Wesselsbron,ZA,2022-07-07 16:12:18,-27.8549,26.3658,54.68,20,0,2.01,clear sky
276,Gweta,BW,2022-07-07 16:12:18,-20.1833,25.2333,69.73,19,1,5.46,clear sky
277,Porosozero,RU,2022-07-07 16:12:19,62.7191,32.727,65.66,52,100,7.23,overcast clouds
278,Puerto Baquerizo Moreno,EC,2022-07-07 16:12:19,-0.9,-89.6,72.59,78,75,9.22,broken clouds
279,Novyy Urengoy,RU,2022-07-07 16:12:19,66.0833,76.6333,66.88,62,75,9.31,broken clouds
280,Epe,NG,2022-07-07 16:12:20,6.5841,3.9834,81.14,80,77,8.3,light rain
281,Kayes,ML,2022-07-07 16:12:20,14.0,-11.0,96.35,37,83,5.3,broken clouds
282,Buraydah,SA,2022-07-07 16:12:20,26.326,43.975,98.69,10,35,9.04,scattered clouds
283,Santander,ES,2022-07-07 16:12:18,43.4647,-3.8044,72.72,82,75,8.01,broken clouds
284,Visnes,NO,2022-07-07 16:12:21,59.3556,5.2242,59.83,72,40,14.97,scattered clouds
285,Bayir,TR,2022-07-07 16:12:21,37.2687,28.2167,90.12,27,1,17.4,clear sky
286,Qaqortoq,GL,2022-07-07 16:12:22,60.7167,-46.0333,47.01,86,71,6.42,broken clouds
287,Iracoubo,GF,2022-07-07 16:12:22,5.4802,-53.2011,84.18,68,14,10.31,few clouds
288,Marovoay,MG,2022-07-07 16:12:22,-16.1,46.6333,77.76,42,8,8.72,clear sky
289,Quatre Cocos,MU,2022-07-07 16:12:23,-20.2078,57.7625,69.91,66,85,19.89,overcast clouds
290,Marystown,CA,2022-07-07 16:12:23,47.1666,-55.1483,61.86,100,100,7.0,overcast clouds
291,Chapleau,CA,2022-07-07 16:12:23,47.8405,-83.4034,69.8,38,8,8.32,clear sky
292,Altay,CN,2022-07-07 16:12:24,47.8667,88.1167,63.86,46,2,5.88,clear sky
293,Terrak,NO,2022-07-07 16:12:24,65.087,12.3715,53.47,95,100,8.14,overcast clouds
294,Kamenka,RU,2022-07-07 16:12:24,51.3223,42.7678,76.12,52,1,4.21,clear sky
295,Sorland,NO,2022-07-07 16:08:00,67.667,12.6934,49.86,81,100,20.71,overcast clouds
296,Bara,NG,2022-07-07 16:12:25,10.3744,10.7288,92.35,41,44,3.06,scattered clouds
297,Nouadhibou,MR,2022-07-07 16:12:25,20.931,-17.0347,71.69,74,33,28.45,scattered clouds
298,Salvador,SV,2022-07-07 16:12:25,13.8333,-88.9167,83.05,69,45,3.42,scattered clouds
299,Puerto Maldonado,PE,2022-07-07 16:12:26,-12.6,-69.1833,90.0,58,75,8.05,broken clouds
300,Kindu,CD,2022-07-07 16:12:26,-2.95,25.95,84.4,32,3,1.61,clear sky
301,Rio Gallegos,AR,2022-07-07 16:12:26,-51.6226,-69.2181,26.65,80,0,2.3,clear sky
302,Rawson,AR,2022-07-07 16:12:18,-43.3002,-65.1023,45.48,41,2,17.85,clear sky
303,Ilo,PE,2022-07-07 16:12:27,-17.6394,-71.3375,65.26,68,40,5.75,scattered clouds
304,Novelda,ES,2022-07-07 16:12:27,38.3848,-0.7677,84.49,56,22,12.03,few clouds
305,Nchelenge,ZM,2022-07-07 16:12:28,-9.3451,28.734,70.3,53,26,5.23,scattered clouds
306,Makat,KZ,2022-07-07 16:12:28,47.6469,53.3463,83.91,25,0,9.8,clear sky
307,Methala,IN,2022-07-07 16:12:28,10.2166,76.2166,77.0,92,100,6.55,overcast clouds
308,Ouadda,CF,2022-07-07 16:12:29,8.0777,22.4007,75.07,89,75,4.63,light rain
309,Puerto Narino,CO,2022-07-07 16:12:29,-3.7703,-70.3831,83.95,74,4,1.92,clear sky
310,Ust-Tsilma,RU,2022-07-07 16:12:30,65.441,52.1498,76.66,41,90,2.8,overcast clouds
311,Adrar,MR,2022-07-07 16:12:30,20.5022,-10.0711,107.98,12,8,11.72,clear sky
312,Estreito,BR,2022-07-07 16:10:11,-5.7833,-43.25,91.51,35,11,8.46,few clouds
313,Vestmannaeyjar,IS,2022-07-07 16:12:30,63.4427,-20.2734,50.99,93,75,25.32,drizzle
314,Tortosa,ES,2022-07-07 16:12:30,40.8125,0.5216,87.8,35,4,4.09,clear sky
315,Najran,SA,2022-07-07 16:12:31,17.4924,44.1277,89.91,15,100,3.42,overcast clouds
316,Stephenville,US,2022-07-07 16:12:31,32.2207,-98.2023,93.76,47,0,8.05,clear sky
317,Palmas De Monte Alto,BR,2022-07-07 16:12:31,-14.2672,-43.1619,85.17,27,1,6.26,clear sky
318,Kisangani,CD,2022-07-07 16:12:32,0.5167,25.2,83.35,54,24,1.23,few clouds
319,Mattru,SL,2022-07-07 16:12:32,7.6244,-11.8332,79.43,87,80,6.08,moderate rain
320,Lasa,IT,2022-07-07 16:12:32,46.6166,10.7002,77.68,57,70,9.08,broken clouds
321,Cotonou,BJ,2022-07-07 16:12:33,6.3654,2.4183,80.17,79,65,13.42,broken clouds
322,Kachiry,KZ,2022-07-07 16:12:33,53.0675,76.1036,70.57,52,100,7.99,overcast clouds
323,Kos,GR,2022-07-07 16:12:33,36.8933,27.2889,81.84,62,0,24.63,clear sky
324,Gat,IL,2022-07-07 16:12:33,31.61,34.7642,85.41,38,0,10.67,clear sky
325,Pio Ix,BR,2022-07-07 16:12:34,-6.8375,-40.5792,82.35,45,68,12.46,broken clouds
326,Mahon,ES,2022-07-07 16:12:34,39.8885,4.2658,82.96,47,0,17.27,clear sky
327,Los Algarrobos,PA,2022-07-07 16:12:34,8.5,-82.4333,82.81,70,20,3.44,few clouds
328,Kondinskoye,RU,2022-07-07 16:12:35,59.6481,67.41,66.51,61,72,0.85,broken clouds
329,Dakoro,NE,2022-07-07 16:12:35,14.5106,6.765,99.52,23,39,10.4,scattered clouds
330,Pangnirtung,CA,2022-07-07 16:12:35,66.1451,-65.7125,46.4,81,75,9.22,broken clouds
331,Nalut,LY,2022-07-07 16:12:35,30.3333,10.85,104.45,11,0,9.8,clear sky
332,Portlethen,GB,2022-07-07 16:12:36,57.0547,-2.1307,74.93,72,40,9.22,scattered clouds
333,Yining,CN,2022-07-07 16:12:36,29.0361,114.5636,76.78,96,73,3.04,broken clouds
334,Santa Isabel Do Rio Negro,BR,2022-07-07 16:12:36,-0.4139,-65.0192,91.27,47,7,4.38,clear sky
335,Saint-Georges,GD,2022-07-07 16:12:37,12.0564,-61.7485,81.99,72,50,16.51,scattered clouds
336,Eirunepe,BR,2022-07-07 16:12:37,-6.6603,-69.8736,87.17,61,10,1.63,clear sky
337,Salisbury,GB,2022-07-07 16:12:37,51.0693,-1.7957,76.68,50,20,8.05,few clouds
338,Kalabo,ZM,2022-07-07 16:12:37,-14.97,22.6814,72.43,22,1,4.61,clear sky
339,Bondo,CD,2022-07-07 16:12:38,3.8146,23.6866,78.28,72,97,2.3,overcast clouds
340,Villa Carlos Paz,AR,2022-07-07 16:07:40,-31.4241,-64.4978,57.4,14,0,8.01,clear sky
341,Gamba,GA,2022-07-07 16:12:38,-2.65,10.0,74.05,76,86,11.39,overcast clouds
342,Santa Maria,BR,2022-07-07 16:08:31,-29.6842,-53.8069,72.48,59,80,4.36,moderate rain
343,Bar-Le-Duc,FR,2022-07-07 16:11:58,48.75,5.1667,70.18,45,86,10.69,overcast clouds
344,Aljezur,PT,2022-07-07 16:12:39,37.3191,-8.8033,83.05,46,2,6.22,clear sky
345,Niquero,CU,2022-07-07 16:12:39,20.0431,-77.5828,85.26,62,6,5.44,clear sky
346,Marfino,RU,2022-07-07 16:12:39,55.7028,37.3822,66.34,88,75,8.95,thunderstorm with light rain
347,Matara,LK,2022-07-07 16:12:39,5.9485,80.5353,79.7,82,100,10.36,overcast clouds
348,Tamandare,BR,2022-07-07 16:12:40,-8.7597,-35.1047,78.19,82,7,13.47,clear sky
349,Saint-Pierre,RE,2022-07-07 16:12:40,-21.3393,55.4781,71.28,75,20,23.02,few clouds
350,Ferzikovo,RU,2022-07-07 16:12:40,54.5191,36.7567,67.64,83,36,8.88,light rain
351,Senigallia,IT,2022-07-07 16:12:41,43.7093,13.2167,84.24,58,5,5.75,light rain
352,Timra,SE,2022-07-07 16:12:41,62.487,17.3257,65.88,52,0,10.36,clear sky
353,Finale Emilia,IT,2022-07-07 16:12:41,44.8346,11.2939,88.95,29,60,9.01,broken clouds
354,Cap-Aux-Meules,CA,2022-07-07 16:12:41,47.3821,-61.8597,59.9,74,0,22.93,clear sky
355,Carutapera,BR,2022-07-07 16:10:50,-1.195,-46.02,84.38,66,6,10.85,clear sky
356,Wattegama,LK,2022-07-07 16:12:42,6.7989,81.4808,79.72,66,100,1.07,overcast clouds
357,Natitingou,BJ,2022-07-07 16:12:42,10.3042,1.3796,85.39,56,76,3.89,broken clouds
358,Angoche,MZ,2022-07-07 16:12:42,-16.2325,39.9086,73.62,65,4,8.32,clear sky
359,Leh,IN,2022-07-07 16:12:43,34.1667,77.5833,72.45,35,87,5.73,overcast clouds
360,Kortkeros,RU,2022-07-07 16:12:43,61.8106,51.5806,80.6,60,95,4.21,overcast clouds
361,Macia,MZ,2022-07-07 16:12:43,-25.0269,33.0989,65.26,83,5,5.86,clear sky
362,Ramsar,IR,2022-07-07 16:12:44,36.9226,50.6426,76.23,71,17,3.13,few clouds
363,Ripoll,ES,2022-07-07 16:08:24,42.2006,2.1903,87.08,23,4,5.99,clear sky
364,Harper,LR,2022-07-07 16:12:44,4.375,-7.7169,77.85,78,94,10.33,overcast clouds
365,Filingue,NE,2022-07-07 16:12:44,14.3521,3.3168,100.74,26,94,3.18,overcast clouds
366,Tabuk,PH,2022-07-07 16:12:45,17.4189,121.4443,76.01,89,99,2.55,overcast clouds
367,Skibbereen,IE,2022-07-07 16:12:45,51.55,-9.2667,70.48,69,17,6.87,few clouds
368,Moose Factory,CA,2022-07-07 16:12:45,51.2585,-80.6094,64.38,63,75,0.0,broken clouds
369,Tabou,CI,2022-07-07 16:12:46,4.423,-7.3528,77.5,80,98,9.57,light rain
370,Aleksin,RU,2022-07-07 16:12:46,54.51,37.08,68.83,74,34,7.61,light rain
371,Samur,RU,2022-07-07 16:12:46,41.8253,48.486,73.78,59,22,9.57,few clouds
372,Areosa,PT,2022-07-07 16:12:46,41.7178,-8.8571,78.01,56,0,10.87,clear sky
373,Nizhniy Odes,RU,2022-07-07 16:12:47,63.6445,54.856,76.17,47,82,2.37,broken clouds
374,Zlitan,LY,2022-07-07 16:09:20,32.4674,14.5687,88.95,44,0,10.98,clear sky
375,Mayumba,GA,2022-07-07 16:12:47,-3.432,10.6554,72.61,81,91,9.78,overcast clouds
376,Sayyan,YE,2022-07-07 16:12:47,15.1718,44.3244,71.73,30,100,5.55,overcast clouds
377,Chambersburg,US,2022-07-07 16:12:48,39.9376,-77.6611,76.73,85,100,3.0,overcast clouds
378,Krasnogorskoye,RU,2022-07-07 16:12:48,52.2953,86.1979,58.59,91,47,2.64,scattered clouds
379,Bafra,TR,2022-07-07 16:12:48,41.5678,35.9069,76.08,70,0,8.34,clear sky
380,Chegem,RU,2022-07-07 16:12:49,43.2833,43.1333,55.53,92,74,2.51,broken clouds
381,Huallanca,PE,2022-07-07 16:12:49,-9.8993,-76.9417,54.52,49,6,8.14,clear sky
382,Kouroussa,GN,2022-07-07 16:12:49,10.65,-9.8833,85.32,61,91,5.14,light rain
383,Liverpool,GB,2022-07-07 16:07:57,53.4106,-2.9779,68.43,76,75,12.66,broken clouds
384,Palmeira,BR,2022-07-07 16:12:49,-25.4294,-50.0064,73.62,50,91,9.01,overcast clouds
385,Ukrayinka,UA,2022-07-07 16:12:50,47.9167,35.35,90.01,20,2,6.35,clear sky
386,Padang,ID,2022-07-07 16:12:50,-0.9492,100.3543,78.06,86,11,3.98,few clouds
387,Nottuln,DE,2022-07-07 16:12:50,51.9333,7.35,70.52,54,91,16.53,overcast clouds
388,Eyl,SO,2022-07-07 16:12:51,7.9803,49.8164,79.7,69,90,28.77,overcast clouds
389,Maridi,SS,2022-07-07 16:12:51,4.9158,29.4742,72.57,79,44,3.31,light rain
390,Araguacu,BR,2022-07-07 16:12:51,-12.9306,-49.8264,91.04,25,0,9.15,clear sky
391,Sao Joao Da Barra,BR,2022-07-07 16:12:51,-21.6403,-41.0511,84.29,63,0,12.5,clear sky
392,Bull Savanna,JM,2022-07-07 16:12:52,17.8868,-77.5902,84.65,57,2,10.25,clear sky
393,Qasigiannguit,GL,2022-07-07 16:12:52,68.8193,-51.1922,43.05,88,100,3.4,overcast clouds
394,Manyana,BW,2022-07-07 16:12:52,-23.4,21.7167,66.29,23,0,7.16,clear sky
395,Tsurib,RU,2022-07-07 16:12:53,42.2368,46.8307,61.45,79,36,3.09,light rain
396,Shalya,RU,2022-07-07 16:12:53,57.2471,58.7298,63.82,79,51,3.94,broken clouds
397,Fez,MA,2022-07-07 16:12:53,34.0372,-4.9998,104.14,14,0,10.8,clear sky
398,Abu Samrah,SY,2022-07-07 16:12:53,35.3029,37.1841,89.85,23,1,17.11,clear sky
399,Saint-Augustin,CA,2022-07-07 16:12:54,51.226,-58.6502,58.77,61,100,12.15,overcast clouds
400,Muscle Shoals,US,2022-07-07 16:12:54,34.7448,-87.6675,91.85,75,75,4.61,broken clouds
401,Dehloran,IR,2022-07-07 16:12:54,32.6941,47.2679,103.39,9,0,8.86,clear sky
402,Rudbar,AF,2022-07-07 16:12:55,30.15,62.6,93.04,18,100,4.41,overcast clouds
403,Brunswick,US,2022-07-07 16:12:55,41.2381,-81.8418,80.82,68,40,9.22,scattered clouds
404,Yenagoa,NG,2022-07-07 16:12:55,4.9247,6.2642,79.86,83,100,5.97,moderate rain
405,Pradera,CO,2022-07-07 16:12:55,3.4211,-76.2447,83.08,58,26,4.09,scattered clouds
406,Moroni,KM,2022-07-07 16:12:56,-11.7022,43.2551,74.88,73,9,13.87,clear sky
407,Cabedelo,BR,2022-07-07 16:12:56,-6.9811,-34.8339,75.87,84,93,18.37,overcast clouds
408,Vallenar,CL,2022-07-07 16:09:00,-28.5708,-70.7581,75.92,4,10,3.27,clear sky
409,Petropolis,RU,2022-07-07 16:10:02,59.8944,30.2642,71.11,72,75,6.71,light rain
410,Taltal,CL,2022-07-07 16:12:56,-25.4,-70.4833,66.96,55,5,6.85,clear sky
411,Thinadhoo,MV,2022-07-07 16:12:57,0.5333,72.9333,82.8,74,100,4.38,light rain
412,Salekhard,RU,2022-07-07 16:12:57,66.53,66.6019,67.95,85,96,9.15,light rain
413,Severnoye,RU,2022-07-07 16:12:57,56.3491,78.3619,59.99,78,19,6.98,few clouds
414,Asyut,EG,2022-07-07 16:12:09,27.181,31.1837,97.77,10,0,14.45,clear sky
415,Peruibe,BR,2022-07-07 16:12:58,-24.32,-46.9983,82.49,39,75,3.06,broken clouds
416,Sao Miguel Do Araguaia,BR,2022-07-07 16:12:58,-13.275,-50.1628,90.77,24,0,9.22,clear sky
417,Fontem,CM,2022-07-07 16:12:58,5.4685,9.8818,72.77,90,88,1.48,moderate rain
418,Schoten,BE,2022-07-07 16:12:58,51.2525,4.5027,69.06,66,75,13.8,broken clouds
419,Itarema,BR,2022-07-07 16:12:59,-2.9248,-39.9167,84.02,62,84,17.16,broken clouds
420,Antofagasta,CL,2022-07-07 16:12:59,-23.65,-70.4,67.21,57,0,6.62,clear sky
421,Banfora,BF,2022-07-07 16:12:59,10.6333,-4.7667,89.49,50,83,4.12,broken clouds
422,Kannapolis,US,2022-07-07 16:13:00,35.4874,-80.6217,92.89,66,0,3.44,clear sky
423,Touros,BR,2022-07-07 16:13:00,-5.1989,-35.4608,82.53,70,52,13.71,broken clouds
424,Nizhnyaya Tavda,RU,2022-07-07 16:13:00,57.6731,66.1725,66.52,73,99,4.43,overcast clouds
425,Flers,FR,2022-07-07 16:13:01,48.7372,-0.5747,64.65,48,55,9.66,broken clouds
426,Nizhniy Baskunchak,RU,2022-07-07 16:13:01,48.2198,46.8311,85.87,23,0,6.87,clear sky
427,Anloga,GH,2022-07-07 16:13:01,5.7947,0.8973,79.05,81,59,15.97,broken clouds
428,Oxford,GB,2022-07-07 16:09:48,51.7522,-1.256,78.19,49,20,8.05,few clouds
429,Selcuk,TR,2022-07-07 16:13:02,37.9514,27.3685,93.34,26,0,14.56,clear sky
430,Kudahuvadhoo,MV,2022-07-07 16:13:02,2.6708,72.8944,83.21,75,100,2.82,overcast clouds
431,Sainte-Marie,RE,2022-07-07 16:12:32,-20.8968,55.5496,71.76,79,100,14.97,overcast clouds
432,Kapoeta,SS,2022-07-07 16:08:37,4.7717,33.5903,75.42,64,92,5.91,overcast clouds
433,Novoseleznevo,RU,2022-07-07 16:13:03,55.6821,69.2056,62.92,93,71,8.43,light rain
434,Rafaela,AR,2022-07-07 16:11:16,-31.2503,-61.4867,64.0,11,0,5.01,clear sky
435,Iquique,CL,2022-07-07 16:08:52,-20.2208,-70.1431,60.84,65,70,3.83,broken clouds
436,Alakurtti,RU,2022-07-07 16:13:04,66.9672,30.3491,63.0,52,100,6.91,light rain
437,Tukrah,LY,2022-07-07 16:09:20,32.5341,20.5791,84.81,64,0,11.03,clear sky
438,Inyonga,TZ,2022-07-07 16:13:05,-6.7167,32.0667,70.99,28,42,2.89,scattered clouds
439,Mikhaylovka,RU,2022-07-07 16:12:16,50.06,43.2379,78.87,39,3,8.12,clear sky
440,Ogre,LV,2022-07-07 16:13:05,56.8162,24.614,67.68,74,61,6.31,broken clouds
441,America Dourada,BR,2022-07-07 16:13:06,-11.4553,-41.4361,75.34,55,65,11.36,broken clouds
442,Sambava,MG,2022-07-07 16:13:06,-14.2667,50.1667,71.33,78,5,17.0,light rain
443,Arlit,NE,2022-07-07 16:13:06,18.7369,7.3853,105.15,7,0,11.16,clear sky
444,La Palma,US,2022-07-07 16:13:07,33.8464,-118.0467,80.96,78,20,4.61,few clouds
445,Lodwar,KE,2022-07-07 16:13:07,3.1191,35.5973,88.52,36,82,10.89,broken clouds
446,Timbiqui,CO,2022-07-07 16:13:09,2.7717,-77.6654,82.98,73,66,5.73,light rain
447,Bandarbeyla,SO,2022-07-07 16:13:09,9.4942,50.8122,76.3,80,20,37.56,few clouds
448,Bonthe,SL,2022-07-07 16:13:11,7.5264,-12.505,80.56,78,90,10.33,light rain
449,Lamu,KE,2022-07-07 16:13:11,-2.2717,40.902,77.22,77,42,18.01,scattered clouds
450,Mahibadhoo,MV,2022-07-07 16:13:11,3.7833,72.9667,83.48,76,100,9.57,overcast clouds
451,Alta Floresta,BR,2022-07-07 16:13:12,-9.8756,-56.0861,92.55,28,4,7.49,clear sky
452,Carmen,MX,2022-07-07 16:13:12,18.6333,-91.8333,84.24,74,40,11.5,scattered clouds
453,Stara Vyzhivka,UA,2022-07-07 16:13:13,51.4376,24.44,67.78,49,93,7.11,overcast clouds
454,Ormara,PK,2022-07-07 16:13:13,25.2088,64.6357,84.38,86,60,7.92,very heavy rain
455,Gavle,SE,2022-07-07 16:13:14,60.6745,17.1417,66.29,42,63,10.16,broken clouds
456,Fredericton,CA,2022-07-07 16:13:14,45.9454,-66.6656,72.43,39,31,1.01,scattered clouds
457,Plettenberg Bay,ZA,2022-07-07 16:13:15,-34.0527,23.3716,57.79,74,98,3.47,overcast clouds
458,Ciudad Bolivar,VE,2022-07-07 16:12:01,8.1222,-63.5497,87.48,55,41,11.01,scattered clouds
459,Requena,ES,2022-07-07 16:13:16,39.4883,-1.1004,78.78,31,8,6.35,clear sky
460,New Ross,IE,2022-07-07 16:13:16,52.3967,-6.9367,74.17,73,86,6.4,overcast clouds
461,Chicama,PE,2022-07-07 16:13:16,-7.8447,-79.1469,61.34,64,38,6.76,scattered clouds
462,Uribia,CO,2022-07-07 16:13:17,11.7139,-72.266,90.66,50,11,24.56,few clouds
463,Balsas,BR,2022-07-07 16:13:17,-7.5325,-46.0356,93.79,30,17,10.45,few clouds
464,Nuuk,GL,2022-07-07 16:13:18,64.1835,-51.7216,45.88,87,100,5.99,overcast clouds
465,La Serena,CL,2022-07-07 16:12:17,-29.9078,-71.2542,60.31,51,0,10.36,clear sky
466,Dwarka,IN,2022-07-07 16:13:18,22.2394,68.9678,80.74,91,100,22.86,overcast clouds
467,Grootfontein,NA,2022-07-07 16:13:18,-19.5667,18.1167,70.18,22,0,7.76,clear sky
468,Puerto Ayora,EC,2022-07-07 16:12:35,-0.7393,-90.3518,73.36,86,90,4.0,overcast clouds
469,Igarka,RU,2022-07-07 16:13:19,67.4667,86.5833,56.93,60,97,6.11,overcast clouds
470,Palafrugell,ES,2022-07-07 16:13:19,41.9174,3.1631,88.34,60,0,5.01,clear sky
471,Krasnoborsk,RU,2022-07-07 16:13:20,61.5598,45.934,77.58,62,81,4.36,broken clouds
472,Namwala,ZM,2022-07-07 16:13:20,-15.7504,26.4384,68.99,33,0,3.36,clear sky
473,Sao Jose Da Coroa Grande,BR,2022-07-07 16:13:20,-8.8978,-35.1478,78.89,80,3,13.76,clear sky
474,Acarau,BR,2022-07-07 16:13:21,-2.8856,-40.12,84.09,63,89,17.78,overcast clouds
475,Bage,BR,2022-07-07 16:13:21,-31.3314,-54.1069,58.78,77,75,11.5,broken clouds
476,Pisco,PE,2022-07-07 16:13:21,-13.7,-76.2167,61.02,82,100,6.91,mist
477,Segarcea,RO,2022-07-07 16:13:22,44.1,23.75,77.68,44,43,14.23,scattered clouds
478,Cayenne,GF,2022-07-07 16:09:04,4.9333,-52.3333,87.84,31,75,13.8,broken clouds
479,Iquitos,PE,2022-07-07 16:13:22,-3.7481,-73.2472,86.04,70,75,2.3,broken clouds
480,Gravdal,NO,2022-07-07 16:13:22,68.1214,13.5031,49.89,93,75,14.97,broken clouds
481,Gallatin,US,2022-07-07 16:13:23,45.6666,-111.2008,68.05,63,0,4.61,clear sky
482,Constantine,DZ,2022-07-07 16:13:23,36.365,6.6147,85.41,51,40,16.11,scattered clouds
483,Samfya,ZM,2022-07-07 16:13:24,-11.3649,29.5565,67.5,40,0,2.01,clear sky
484,Riyadh,SA,2022-07-07 16:11:13,24.6877,46.7219,102.34,9,60,12.64,light rain
485,Mao,ES,2022-07-07 16:13:24,39.8885,4.2658,82.96,47,0,17.27,clear sky
486,Abha,SA,2022-07-07 16:13:24,18.2164,42.5053,75.45,50,40,11.5,scattered clouds
487,Sorkjosen,NO,2022-07-07 16:13:25,69.8,20.9333,59.0,63,75,5.75,broken clouds
488,Canoas,BR,2022-07-07 16:13:25,-29.9178,-51.1836,75.85,67,75,6.91,light rain
489,Awjilah,LY,2022-07-07 16:13:25,29.1081,21.2869,100.45,15,0,14.63,clear sky
490,Nalhati,IN,2022-07-07 16:09:09,24.3,87.8167,89.1,62,80,9.15,broken clouds
491,Jadu,LY,2022-07-07 16:13:26,31.953,12.0261,98.76,14,1,14.43,clear sky
492,Comodoro Rivadavia,AR,2022-07-07 16:13:26,-45.8667,-67.5,42.66,49,0,9.22,clear sky
493,Kardailovo,RU,2022-07-07 16:13:27,51.5386,53.9042,68.18,64,15,8.41,few clouds
494,San Juan,AR,2022-07-07 16:10:23,-31.5375,-68.5364,53.31,24,0,7.36,clear sky
495,Lethem,GY,2022-07-07 16:13:27,3.3803,-59.7968,86.16,63,25,9.51,scattered clouds
496,Iacu,BR,2022-07-07 16:13:27,-12.7672,-40.2117,81.43,44,94,5.08,overcast clouds
497,San-Pedro,CI,2022-07-07 16:13:28,4.7485,-6.6363,77.43,82,99,8.97,overcast clouds
498,Dhidhdhoo,MV,2022-07-07 16:10:00,6.8833,73.1,81.66,83,100,13.98,overcast clouds
499,Verkhnetulomskiy,RU,2022-07-07 16:13:28,68.6073,31.7962,66.33,59,100,8.34,overcast clouds
500,Kirgiz-Miyaki,RU,2022-07-07 16:13:28,53.6324,54.7979,63.61,83,20,4.92,few clouds
501,Kalino,RU,2022-07-07 16:13:29,58.2504,57.6085,69.35,75,32,4.59,scattered clouds
502,San Juan De Los Morros,VE,2022-07-07 16:13:29,9.9115,-67.3538,83.62,56,59,8.01,broken clouds
503,Murwara,IN,2022-07-07 16:13:29,23.85,80.4,86.76,64,96,6.71,overcast clouds
504,Oxapampa,PE,2022-07-07 16:13:30,-10.5775,-75.4017,72.3,53,3,5.57,clear sky
505,Diffa,NE,2022-07-07 16:13:23,13.3154,12.6113,99.99,26,20,8.59,few clouds
506,Pandavapura,IN,2022-07-07 16:13:30,12.5006,76.6733,69.91,89,100,12.66,overcast clouds
507,Palamos,ES,2022-07-07 16:13:30,41.8484,3.1291,88.99,57,0,5.01,clear sky
508,Muscat,OM,2022-07-07 16:13:30,23.6139,58.5922,82.42,80,100,5.75,overcast clouds
509,Mindelo,CV,2022-07-07 16:13:31,16.8901,-24.9804,75.96,76,3,19.44,clear sky
510,Aliquippa,US,2022-07-07 16:13:31,40.6367,-80.2401,84.34,62,40,4.61,scattered clouds
511,Mpulungu,ZM,2022-07-07 16:13:31,-8.7623,31.1141,72.57,49,7,2.55,clear sky
512,Kuytun,RU,2022-07-07 16:13:32,54.3419,101.5036,57.6,88,100,5.73,overcast clouds
513,Yarega,RU,2022-07-07 16:13:32,63.4354,53.5765,76.96,44,98,3.67,overcast clouds
514,Laurel,US,2022-07-07 16:13:32,39.0993,-76.8483,79.59,86,100,9.22,overcast clouds
515,Fort Abbas,PK,2022-07-07 16:13:32,29.1925,72.8536,104.09,30,8,13.0,clear sky
516,Bubaque,GW,2022-07-07 16:13:33,11.2833,-15.8333,80.83,82,77,11.39,broken clouds
517,Kjustendil,BG,2022-07-07 16:13:33,42.2839,22.6911,77.49,39,37,9.1,scattered clouds
518,Los Llanos De Aridane,ES,2022-07-07 16:13:33,28.6585,-17.9182,73.13,76,40,18.41,scattered clouds
519,Senanga,ZM,2022-07-07 16:13:34,-16.1167,23.2667,71.65,24,4,5.37,clear sky
520,Kazlu Ruda,LT,2022-07-07 16:13:34,54.7667,23.5,66.18,64,48,5.66,scattered clouds
521,Alekseyevka,RU,2022-07-07 16:13:34,50.6309,38.6903,79.16,54,0,5.21,clear sky
522,Umarkot,PK,2022-07-07 16:13:34,25.3616,69.7362,89.2,64,100,10.22,overcast clouds
523,Rafai,CF,2022-07-07 16:13:35,4.95,23.9167,78.28,68,100,2.86,overcast clouds
524,Katete,UG,2022-07-07 16:13:35,-0.7818,29.7544,73.22,41,47,2.1,scattered clouds
525,Quiruvilca,PE,2022-07-07 16:13:35,-7.9667,-78.2,48.61,45,0,8.99,clear sky
526,Salinas,US,2022-07-07 16:08:50,36.6777,-121.6555,67.01,77,40,6.91,scattered clouds
527,Sinnamary,GF,2022-07-07 16:13:36,5.3833,-52.95,84.7,66,26,10.4,scattered clouds
528,Tarrafal,CV,2022-07-07 16:13:36,15.2833,-23.7667,75.47,78,72,13.44,broken clouds
529,Nioki,CD,2022-07-07 16:13:36,-2.7167,17.6833,93.7,25,62,3.76,broken clouds
530,Stornoway,GB,2022-07-07 16:13:37,58.2093,-6.3865,58.96,89,75,17.27,broken clouds
531,Petauke,ZM,2022-07-07 16:13:37,-14.2426,31.3253,68.25,40,4,6.62,clear sky
532,Vuktyl,RU,2022-07-07 16:13:37,63.8567,57.3094,75.63,52,95,5.01,overcast clouds
533,Awbari,LY,2022-07-07 16:13:37,26.5921,12.7805,101.19,11,0,21.97,clear sky
534,Cartagena,CO,2022-07-07 16:13:38,10.3997,-75.5144,89.22,70,20,6.91,few clouds
535,Kibala,TD,2022-07-07 16:13:38,9.1104,18.3463,89.55,52,38,2.19,scattered clouds
536,Lekoni,GA,2022-07-07 16:13:38,-1.5843,14.2591,92.34,26,98,3.71,overcast clouds
537,Pottsville,US,2022-07-07 16:11:34,40.6857,-76.1955,80.49,78,99,4.52,overcast clouds
538,Senno,RU,2022-07-07 16:13:39,59.5336,33.9167,59.27,97,100,7.0,overcast clouds
539,Inta,RU,2022-07-07 16:13:39,66.0317,60.1659,72.09,70,99,3.56,overcast clouds
540,Krasnoselkup,RU,2022-07-07 16:13:39,65.7,82.4667,59.22,63,97,5.61,overcast clouds
541,Taoudenni,ML,2022-07-07 16:13:39,22.6783,-3.9836,114.53,8,7,2.77,clear sky
542,Blagoyevo,RU,2022-07-07 16:13:40,63.3667,47.9167,78.1,46,100,4.94,overcast clouds
543,Azul,AR,2022-07-07 16:12:11,-36.777,-59.8585,51.35,21,0,15.99,clear sky
544,Shenkursk,RU,2022-07-07 16:13:40,62.1091,42.896,67.3,96,100,6.69,light rain
545,Parma,IT,2022-07-07 16:08:41,44.8027,10.329,92.53,22,61,4.68,broken clouds
546,Richards Bay,ZA,2022-07-07 16:10:45,-28.783,32.0377,67.26,79,0,8.12,clear sky
547,Sangmelima,CM,2022-07-07 16:13:41,2.9333,11.9833,76.5,85,94,2.06,light rain
548,Naberera,TZ,2022-07-07 16:13:41,-4.2,36.9333,62.04,70,52,12.53,broken clouds
549,Mandera,KE,2022-07-07 16:13:41,3.9366,41.867,82.72,47,95,19.33,overcast clouds
550,Narasannapeta,IN,2022-07-07 16:13:41,18.4167,84.05,82.99,82,100,4.34,overcast clouds
551,Santa Maria Da Vitoria,BR,2022-07-07 16:13:42,-13.3947,-44.1886,87.15,29,1,6.78,clear sky
552,Kelo,TD,2022-07-07 16:13:42,9.3086,15.8066,90.66,46,17,3.83,few clouds
553,Shahr-E Babak,IR,2022-07-07 16:13:42,30.1165,55.1186,86.83,16,3,19.35,clear sky
554,Agirish,RU,2022-07-07 16:13:43,61.9247,63.0231,71.69,61,27,5.53,scattered clouds
555,Arkadak,RU,2022-07-07 16:13:43,51.9326,43.4978,76.48,52,36,1.23,scattered clouds
556,Podor,MR,2022-07-07 16:13:43,16.6527,-14.9587,100.35,25,4,14.38,clear sky
557,Marathon,US,2022-07-07 16:13:44,44.9,-89.7668,76.24,72,75,5.75,broken clouds
558,Balykshi,KZ,2022-07-07 16:13:44,47.0667,51.8667,78.8,38,0,15.66,clear sky
559,Hohoe,GH,2022-07-07 16:13:44,7.1518,0.4736,83.46,71,71,2.44,light rain
560,Jimma,ET,2022-07-07 16:13:44,7.6667,36.8333,60.24,97,100,2.53,light rain
561,Venice,US,2022-07-07 16:13:45,27.0998,-82.4543,91.98,75,20,8.05,few clouds
562,Urubicha,BO,2022-07-07 16:13:45,-15.3833,-62.95,89.19,31,4,7.67,clear sky
563,Hoyanger,NO,2022-07-07 16:13:45,61.2204,6.0749,60.66,71,88,5.46,overcast clouds
564,Nesebar,BG,2022-07-07 16:13:46,42.7833,27.7333,77.88,66,97,5.21,overcast clouds
565,Umm Kaddadah,SD,2022-07-07 16:13:46,13.6017,26.6876,98.91,21,61,2.59,broken clouds
566,Albany,US,2022-07-07 16:10:33,42.6001,-73.9662,80.02,57,46,2.19,scattered clouds
567,Mana,GF,2022-07-07 16:13:46,5.6592,-53.7767,85.23,63,12,7.9,few clouds
568,Sioni,GE,2022-07-07 16:13:47,41.9895,45.0239,71.96,55,51,3.44,broken clouds
569,Piacabucu,BR,2022-07-07 16:13:47,-10.4056,-36.4344,79.21,73,17,13.4,few clouds
570,Arecibo,PR,2022-07-07 16:13:47,18.4724,-66.7157,90.27,76,100,4.0,overcast clouds
571,Zeitz,DE,2022-07-07 16:13:47,51.05,12.15,65.03,85,86,15.26,light rain
572,Lapua,FI,2022-07-07 16:13:48,62.9693,23.0088,64.35,57,65,8.43,broken clouds
573,Malusteni,RO,2022-07-07 16:13:48,46.1833,27.9167,71.15,46,98,15.41,overcast clouds
574,Mogadishu,SO,2022-07-07 16:13:48,2.0371,45.3438,76.53,81,24,20.11,few clouds
575,Ayame,CI,2022-07-07 16:13:49,5.6083,-3.1563,78.87,82,88,7.38,light rain
576,Kabalo,CD,2022-07-07 16:13:49,-6.05,26.9167,84.9,23,8,4.45,clear sky
577,Arlington,US,2022-07-07 16:08:55,32.7357,-97.1081,97.11,48,0,11.5,clear sky
578,Apomu,NG,2022-07-07 16:13:49,7.3333,4.1833,80.4,83,92,3.42,moderate rain
579,Mouzouras,GR,2022-07-07 16:13:50,35.5333,24.15,87.8,51,0,6.91,clear sky
580,Wana,PK,2022-07-07 16:13:50,32.2989,69.5725,81.34,58,72,2.42,broken clouds
581,Quixere,BR,2022-07-07 16:13:50,-5.0742,-37.9886,83.3,67,80,10.13,broken clouds
582,Hastings,GB,2022-07-07 16:12:59,50.8552,0.5729,76.39,46,39,2.01,scattered clouds
583,Lucea,JM,2022-07-07 16:13:51,18.451,-78.1736,85.86,69,6,15.32,clear sky
584,Junagarh,IN,2022-07-07 16:13:51,19.8667,82.9333,84.24,68,100,4.29,overcast clouds
585,Dzilam Gonzalez,MX,2022-07-07 16:13:51,21.2833,-88.9333,90.12,47,38,3.38,scattered clouds
586,Jacqueville,CI,2022-07-07 16:13:51,5.2052,-4.4146,78.51,80,70,13.47,broken clouds
587,Norden,DE,2022-07-07 16:13:52,53.6,7.2,60.94,70,87,25.05,overcast clouds
588,Port Blair,IN,2022-07-07 16:12:32,11.6667,92.75,81.68,84,100,12.41,overcast clouds
589,Okoneshnikovo,RU,2022-07-07 16:13:52,54.8377,75.0834,63.07,86,46,8.97,scattered clouds
590,Hilton Head Island,US,2022-07-07 16:09:12,32.2163,-80.7526,95.09,68,0,6.91,clear sky
591,Soure,BR,2022-07-07 16:13:52,-0.7167,-48.5233,81.86,77,21,10.65,few clouds
592,Puerto Colombia,CO,2022-07-07 16:13:53,10.9878,-74.9547,87.89,68,47,4.16,scattered clouds
593,Padre Bernardo,BR,2022-07-07 16:13:53,-15.35,-48.5,86.02,27,1,5.21,clear sky
594,Boulsa,BF,2022-07-07 16:13:53,12.6675,-0.5758,96.91,31,100,4.38,overcast clouds
595,Maunabo,PR,2022-07-07 16:13:54,18.0072,-65.8993,89.47,76,90,13.11,overcast clouds
596,Harbour Breton,CA,2022-07-07 16:13:54,47.4833,-55.7983,55.69,96,100,8.68,overcast clouds
597,Boa Vista,BR,2022-07-07 16:11:28,2.8197,-60.6733,85.98,66,75,6.91,broken clouds
598,Pinega,RU,2022-07-07 16:13:54,64.7001,43.3936,57.92,95,100,4.74,light rain
599,Pychas,RU,2022-07-07 16:13:54,56.5033,52.4409,69.82,81,6,4.74,clear sky
600,Zaysan,KZ,2022-07-07 16:13:55,47.4667,84.8667,67.66,35,26,7.34,scattered clouds
601,San Rafael,AR,2022-07-07 16:10:42,-34.6177,-68.3301,48.83,27,1,12.39,clear sky
602,Amboasary,MG,2022-07-07 16:13:55,-25.0333,46.3833,68.45,71,0,5.68,clear sky
603,Aketi,CD,2022-07-07 16:13:55,2.7388,23.7833,78.35,69,98,4.41,overcast clouds
604,Ampere,BR,2022-07-07 16:13:56,-25.915,-53.4728,74.98,50,83,6.35,broken clouds
605,Safranbolu,TR,2022-07-07 16:13:56,41.2508,32.6942,71.67,86,82,4.38,broken clouds
606,Banda Aceh,ID,2022-07-07 16:13:34,5.5577,95.3222,80.65,77,85,13.11,overcast clouds
607,Abaete,BR,2022-07-07 16:13:57,-19.16,-45.4458,80.78,32,4,3.76,clear sky
608,Safaga,EG,2022-07-07 16:13:57,26.7292,33.9365,89.49,34,5,9.66,clear sky
609,Canutama,BR,2022-07-07 16:13:57,-6.5339,-64.3831,93.31,35,0,5.12,clear sky
610,Kongoussi,BF,2022-07-07 16:11:06,13.3258,-1.5347,98.02,28,100,4.29,overcast clouds
611,Mosetse,BW,2022-07-07 16:13:58,-20.75,26.65,67.24,26,0,10.96,clear sky
612,Edd,ER,2022-07-07 16:13:58,13.9297,41.6925,90.54,56,100,7.34,overcast clouds
613,Inhambane,MZ,2022-07-07 16:13:58,-23.865,35.3833,66.18,72,0,5.77,clear sky
614,Goderich,CA,2022-07-07 16:13:58,43.7501,-81.7165,65.91,70,2,6.33,clear sky
615,Lilongwe,MW,2022-07-07 16:13:59,-13.9669,33.7873,68.54,43,89,10.07,overcast clouds
616,Padre Paraiso,BR,2022-07-07 16:13:59,-17.0742,-41.4844,78.26,36,1,5.79,clear sky
617,Newport,GB,2022-07-07 16:13:59,51.5877,-2.9984,78.12,62,6,4.0,clear sky
618,Chany,RU,2022-07-07 16:11:09,55.3121,76.7647,62.35,84,94,7.29,overcast clouds
619,Les Escoumins,CA,2022-07-07 16:14:00,48.1111,-69.0236,59.56,47,41,5.95,scattered clouds
620,Saint-Joseph,RE,2022-07-07 16:14:00,-21.3667,55.6167,70.18,76,52,15.23,broken clouds
621,Copiapo,CL,2022-07-07 16:14:00,-27.3667,-70.3333,60.49,7,37,5.3,scattered clouds
622,Bay Roberts,CA,2022-07-07 16:14:00,47.5999,-53.2648,67.75,88,100,14.25,overcast clouds
623,Springdale,US,2022-07-07 16:12:22,36.1867,-94.1288,93.54,56,0,12.66,clear sky
624,Bedesa,ET,2022-07-07 16:14:01,8.9,40.7833,68.16,68,60,4.52,light rain
625,Zilair,RU,2022-07-07 16:14:01,52.2332,57.4392,58.01,77,17,3.24,few clouds
626,Salmas,IR,2022-07-07 16:14:03,38.1973,44.7653,76.69,36,85,12.06,overcast clouds
627,Trunovskoye,RU,2022-07-07 16:14:03,45.4878,42.1358,83.88,30,0,10.74,clear sky
628,Setermoen,NO,2022-07-07 16:14:04,68.861,18.3486,54.43,85,100,4.32,light rain
629,Huarmey,PE,2022-07-07 16:14:04,-10.0681,-78.1522,65.44,73,61,6.44,broken clouds
630,Simoes,BR,2022-07-07 16:14:05,-7.5989,-40.8178,80.65,52,47,14.36,scattered clouds
631,Cockburn Town,TC,2022-07-07 16:14:05,21.4612,-71.1419,81.7,79,0,19.6,clear sky
632,Strangnas,SE,2022-07-07 16:14:05,59.3774,17.0312,69.94,53,88,3.0,overcast clouds
633,Nacala,MZ,2022-07-07 16:14:06,-14.5428,40.6728,72.23,72,1,7.38,clear sky
634,Urengoy,RU,2022-07-07 16:14:06,65.9667,78.3667,64.49,61,87,6.42,overcast clouds
635,Channel-Port Aux Basques,CA,2022-07-07 16:14:07,47.5702,-59.1367,56.37,90,100,27.16,overcast clouds
636,Otjimbingwe,NA,2022-07-07 16:14:07,-22.35,16.1333,76.42,16,0,4.21,clear sky
637,Partur,IN,2022-07-07 16:14:08,19.6,76.2167,76.35,83,100,14.99,overcast clouds
638,Stromness,GB,2022-07-07 16:14:08,58.965,-3.296,57.16,88,100,15.99,overcast clouds
639,Banikoara,BJ,2022-07-07 16:14:09,11.2985,2.4386,93.49,39,100,4.45,overcast clouds
640,Tamluk,IN,2022-07-07 16:14:09,22.3,87.9167,84.58,79,79,8.95,broken clouds
641,Mantenopolis,BR,2022-07-07 16:14:09,-18.8625,-41.1228,79.36,36,0,5.66,clear sky
642,Male,MV,2022-07-07 16:14:10,4.1748,73.5089,83.26,76,100,12.35,overcast clouds
643,Kralendijk,BQ,2022-07-07 16:14:10,12.15,-68.2667,85.98,70,40,23.02,scattered clouds
644,Pascagoula,US,2022-07-07 16:14:10,30.3658,-88.5561,91.42,68,20,0.0,few clouds
645,Izhma,RU,2022-07-07 16:14:11,65.0083,53.9113,76.87,38,91,4.76,overcast clouds
646,Rodrigues Alves,BR,2022-07-07 16:14:11,-7.738,-72.6509,88.92,52,11,2.42,few clouds
647,La Asuncion,VE,2022-07-07 16:14:11,11.0333,-63.8628,82.09,72,64,19.69,broken clouds
648,Paita,PE,2022-07-07 16:14:12,-5.0892,-81.1144,68.77,69,1,10.22,clear sky
649,Upington,ZA,2022-07-07 16:14:12,-28.4478,21.2561,63.82,24,0,6.98,clear sky
650,Baglung,NP,2022-07-07 16:14:12,28.2719,83.5898,74.23,95,63,0.63,broken clouds
651,Cap Malheureux,MU,2022-07-07 16:14:13,-19.9842,57.6142,68.47,73,30,3.0,scattered clouds
652,Doka,SD,2022-07-07 16:10:19,13.5167,35.7667,73.08,83,100,12.21,light rain
653,Hasanabad,IR,2022-07-07 16:14:13,36.5465,61.0543,85.19,17,0,10.33,clear sky
654,Barcelos,PT,2022-07-07 16:14:14,41.5388,-8.6151,94.68,32,0,7.52,clear sky
655,Brae,GB,2022-07-07 16:14:14,60.3964,-1.353,54.14,97,80,21.25,light rain
656,Marzuq,YE,2022-07-07 16:14:15,14.4,46.4667,88.43,25,100,2.13,overcast clouds
657,Iberia,US,2022-07-07 16:14:15,29.9502,-91.7507,91.47,58,75,3.44,broken clouds
658,Hommelvik,NO,2022-07-07 16:14:16,63.4108,10.7942,53.56,82,75,26.46,broken clouds
659,Meridian,US,2022-07-07 16:10:25,43.6121,-116.3915,77.5,58,0,9.22,clear sky
660,Ipanema,BR,2022-07-07 16:14:16,-30.1391,-51.2244,76.01,67,75,6.91,broken clouds
661,Ergani,TR,2022-07-07 16:14:17,38.2653,39.7621,91.72,15,58,6.15,broken clouds
662,Umea,SE,2022-07-07 16:14:17,63.8284,20.2597,64.9,48,0,10.36,clear sky
663,Saposoa,PE,2022-07-07 16:14:17,-6.934,-76.7716,81.41,54,35,2.71,scattered clouds
664,Umm Lajj,SA,2022-07-07 16:14:18,25.0213,37.2685,88.93,48,40,9.51,scattered clouds
665,Lulea,SE,2022-07-07 16:12:29,65.5842,22.1547,62.67,67,40,8.05,scattered clouds
666,Batsfjord,NO,2022-07-07 16:14:18,70.6345,29.7185,55.33,87,75,9.22,broken clouds
667,Juazeirinho,BR,2022-07-07 16:14:19,-6.8167,-38.05,86.65,45,86,10.92,overcast clouds
668,Brest,BY,2022-07-07 16:11:22,52.1,23.7,69.76,43,40,0.0,scattered clouds
669,Ntchisi,MW,2022-07-07 16:14:19,-13.5278,33.9149,55.92,65,33,4.25,scattered clouds
670,Waling,NP,2022-07-07 16:14:20,27.9833,83.7667,78.39,83,64,1.21,broken clouds
671,Koygorodok,RU,2022-07-07 16:14:20,60.445,50.9968,76.44,67,86,3.78,overcast clouds
672,Abay,KZ,2022-07-07 16:14:20,49.6311,72.8539,61.18,77,100,5.08,overcast clouds
673,Limbe,CM,2022-07-07 16:14:21,4.0242,9.2149,78.66,84,67,8.63,light rain
674,Altukhovo,RU,2022-07-07 16:14:21,52.67,34.36,68.2,76,61,8.39,broken clouds
675,Torres,BR,2022-07-07 16:14:21,-29.3353,-49.7269,76.82,71,100,3.18,overcast clouds
676,Dharmavaram,IN,2022-07-07 16:14:22,14.4333,77.7167,76.5,76,100,19.95,overcast clouds
677,Pelym,RU,2022-07-07 16:14:22,61.0108,61.9978,70.65,70,83,4.92,broken clouds
